"","zone","Minute","Result","X","Y","player","h_a","situation","shotType","domVSnondom","Opponent","playerAssist","typeOfAssist","sideOfAttack","PossesionWon","typeOfAttack","year","goals.x","goals.y","sideOfAttackGrouped"
"1",1,58,"GOAL",4.92,45.21,"SHELTON","HOME","CORNER","HEADER",NA,"MT. ALOYSIUS NCAA","GERVERS","CROSSINAIR","LEFT","OFFENSIVE","RESTART",2022,1,0.375,"SIDE"
"2",1,84,"GOAL",117.31,39.62,"OPP","AWAY","CORNER","HEADER",NA,"MT. ALOYSIUS NCAA",NA,"CROSSINAIR","LEFT","OFFENSIVE","RESTART",2022,1,0.375,"SIDE"
"3",1,19,"SAVED",4.38,37.65,"LOCKE","AWAY","CORNER","HEADER","*","MOUNT UNION","W. SHAFFER","CROSSINAIR","RIGHT","OFFENSIVE","RESTART",2022,0,0.375,"SIDE"
"4",1,80,"MISSED",114.48,39.47,"OPP","AWAY","OPENPLAY","HEADER",NA,"OTTERBEIN",NA,"CROSSINAIR","RIGHT","DEFENSIVE","POSSESSION",2022,0,0.375,"SIDE"
"5",1,65,"MISSED",116.86,36,"OPP","AWAY","CORNER","HEADER",NA,"MT. ALOYSIUS NCAA",NA,"CROSSINAIR","LEFT","OFFENSIVE","RESTART",2022,0,0.375,"SIDE"
"6",1,54,"SAVED",5.54,36.71,"KING","HOME","THROW-IN","HEADER","*","TRINE","ZEBRAK","Other","RIGHT","OFFENSIVE","THROW-IN",2022,0,0.375,"SIDE"
"7",1,51,"SAVED",5.03,39.5,"LOCKE","AWAY","CORNER","HEADER",NA,"JOHN CARROLL","W. SHAFFER","CROSSINAIR","RIGHT","OFFENSIVE","RESTART",2022,0,0.375,"SIDE"
"8",1,90,"BLOCKED",115.56,43.12,"OPP","AWAY","CORNER","HEADER",NA,"JOHN CARROLL",NA,"CROSSINAIR","LEFT","OFFENSIVE","RESTART",2022,0,0.375,"SIDE"
"9",1,44,"MISSED",4.39,42.81,"GERVERS","AWAY","CORNER","HEADER",NA,"JOHN CARROLL","W. SHAFFER","CROSSINAIR","RIGHT","OFFENSIVE","RESTART",2022,0,0.375,"SIDE"
"10",1,43,"MISSED",115.97,39.47,"OPP","AWAY","OPENPLAY","HEADER",NA,"WILMINGTON OAC SEMI",NA,"CROSSINAIR","LEFT","MIDDLE","RESTART",2022,0,0.375,"SIDE"
"11",1,84,"GOAL",117.25,42.12,"OPP","AWAY","THROW-IN","LEFTVOLLEY",NA,"MOUNT UNION",NA,"Other","RIGHT","OFFENSIVE","THROW-IN",2022,1,0.375,"SIDE"
"12",1,79,"MISSED",4.47,43.29,"WINCHESTER","AWAY","CORNER","HEADER","*","OTTERBEIN","W. SHAFFER","CROSSINAIR","RIGHT","OFFENSIVE","RESTART",2022,0,0.375,"SIDE"
"13",1,41,"GOAL",114.92,44,"OPP","HOME","CORNER","HEADER",NA,"TRINE",NA,"CROSSINAIR","LEFT","OFFENSIVE","RESTART",2022,1,0.375,"SIDE"
"14",1,33,"GOAL",114.75,40.76,"OPP","AWAY","THROW-IN","RIGHTVOLLEY",NA,"JOHN CARROLL",NA,"CROSSINAIR","RIGHT","OFFENSIVE","THROW-IN",2022,1,0.375,"SIDE"
"15",1,89,"GOAL",117.8,36.87,"OPP","AWAY","OPENPLAY","RIGHTVOLLEY",NA,"OTTERBEIN",NA,"CROSSONGROUND","RIGHT","MIDDLE","POSSESSION",2022,1,0.375,"SIDE"
"16",1,70,"MISSED",113.09,38.26,"OPP","HOME","OPENPLAY","LEFTVOLLEY",NA,"WILLIAMS NCAA",NA,"CROSSINAIR","LEFT","MIDDLE","RESTART",2022,0,0.375,"SIDE"
"17",1,69,"GOAL",115.82,40.23,"OPP","AWAY","FREEKICK","RIGHTFOOT",NA,"WILMINGTON OAC SEMI",NA,"CROSSONGROUND","RIGHT","OFFENSIVE","RESTART",2022,1,0.857142857142857,"SIDE"
"18",1,57,"GOAL",114.93,41.74,"OPP","HOME","OPENPLAY","RIGHTFOOT",NA,"WILLIAMS NCAA",NA,"SHORT PASS","RIGHT","DEFENSIVE","DEFLECTED SHOT",2022,1,0.857142857142857,"SIDE"
"19",1,60,"GOAL",2.65,36.89,"SOMMERFELD","AWAY","OPENPLAY","RIGHTFOOT","DOMINANT","KENYON","KERN","CROSSONGROUND","LEFT","DEFENSIVE","COUNTER",2022,1,0.857142857142857,"SIDE"
"20",1,19,"GOAL",2.7,42.25,"KERN","HOME","OPENPLAY","RIGHTFOOT","DOMINANT","OBERLIN","SOMMERFELD","CROSSONGROUND","RIGHT","DEFENSIVE","POSSESSION",2022,1,0.857142857142857,"SIDE"
"21",1,58,"SAVED",114.48,37.21,"OPP","HOME","FREEKICK","RIGHTFOOT",NA,"WILLIAMS NCAA",NA,"Other","MIDDLE","MIDDLE","LONG BALL",2022,0,0.857142857142857,"MIDDLE"
"22",1,79,"GOAL",5.08,39.06,"WINCHESTER","HOME","FREEKICK","LEFTFOOT","NONDOMINANT","TRINE",NA,NA,"RIGHT","OFFENSIVE","RESTART",2022,1,0.857142857142857,"SIDE"
"23",1,72,"GOAL",117.72,42.94,"OPP","HOME","OPENPLAY","LEFTFOOT",NA,"NORTH PARK",NA,"CROSSONGROUND","RIGHT","DEFENSIVE","POSSESSION",2022,1,0.857142857142857,"SIDE"
"24",2,21,"SAVED",114.92,31.76,"OPP","AWAY","CORNER","HEADER",NA,"MOUNT UNION",NA,"CROSSINAIR","LEFT","OFFENSIVE","RESTART",2022,0,0.0909090909090909,"SIDE"
"25",2,78,"SAVED",4.15,31.76,"ZEBRAK","HOME","THROW-IN","HEADER","*","TRINE","LOCKE","THROW-IN","LEFT","OFFENSIVE","THROW-IN",2022,0,0.0909090909090909,"SIDE"
"26",2,6,"MISSED",4.4,46.51,"ZEBRAK","HOME","CORNER","HEADER",NA,"OBERLIN","KING","CROSSINAIR","LEFT","OFFENSIVE","RESTART",2022,0,0.0909090909090909,"SIDE"
"27",2,86,"MISSED",114.63,45.88,"OPP","AWAY","THROW-IN","HEADER",NA,"OTTERBEIN",NA,"THROW-IN","LEFT","OFFENSIVE","THROW-IN",2022,0,0.0909090909090909,"SIDE"
"28",2,5,"MISSED",5.04,45.73,"GERVERS","HOME","CORNER","HEADER","*","ROSE-HULMAN","KING","CROSSINAIR","LEFT","OFFENSIVE","RESTART",2022,0,0.0909090909090909,"SIDE"
"29",2,9,"MISSED",3.92,33.65,"CONKEY","AWAY","CORNER","RIGHTVOLLEY","DOMINANT","OTTERBEIN",NA,"CROSSINAIR","LEFT","OFFENSIVE","RESTART",2022,0,0.0909090909090909,"SIDE"
"30",2,74,"MISSED",116.29,32.74,"OPP","AWAY","CORNER","HEADER",NA,"OTTERBEIN",NA,"CROSSINAIR","LEFT","OFFENSIVE","RESTART",2022,0,0.0909090909090909,"SIDE"
"31",2,18,"SAVED",4.89,48.08,"GERVERS","HOME","FREEKICK","HEADER","*","OWU","W. SHAFFER","CROSSINAIR","MIDDLE","MIDDLE","RESTART",2022,0,0.0909090909090909,"MIDDLE"
"32",2,15,"GOAL",5.33,50.13,"LOCKE","HOME","OPENPLAY","HEADER","*","NORTH PARK","KERN","CROSSINAIR","LEFT","DEFENSIVE","POSSESSION",2022,1,0.0909090909090909,"SIDE"
"33",2,17,"SAVED",114.59,50.53,"OPP","AWAY","CORNER","HEADER",NA,"KENYON",NA,"CROSSINAIR","RIGHT","MIDDLE","RESTART",2022,0,0.0909090909090909,"SIDE"
"34",2,33,"MISSED",4.17,48.52,"ZEBRAK","HOME","CORNER","RIGHTVOLLEY","DOMINANT","KALAMAZOO",NA,NA,"RIGHT","OFFENSIVE","RESTART",2022,0,0.0909090909090909,"SIDE"
"35",2,48,"BLOCKED",117.5,49.74,"OPP","AWAY","OPENPLAY","RIGHTFOOT",NA,"JOHN CARROLL",NA,"CROSSINAIR","LEFT","OFFENSIVE","RESTART",2022,0,0.166666666666667,"SIDE"
"36",2,62,"GOAL",4.07,34.54,"PARKER","HOME","OPENPLAY","RIGHTFOOT","DOMINANT","CARNEGIE MELLON","KERN","CROSSONGROUND","LEFT","DEFENSIVE","POSSESSION",2022,1,0.166666666666667,"SIDE"
"37",2,58,"BLOCKED",114.82,33.13,"OPP","HOME","OPENPLAY","RIGHTFOOT",NA,"WILLIAMS NCAA",NA,"CROSSONGROUND","RIGHT","MIDDLE","RESTART",2022,0,0.166666666666667,"SIDE"
"38",2,34,"BLOCKED",117.81,47.26,"OPP","AWAY","OPENPLAY","RIGHTFOOT",NA,"KENYON",NA,NA,"LEFT","DEFENSIVE","LONG BALL",2022,0,0.166666666666667,"SIDE"
"39",2,107,"SAVED",4.33,31.63,"SHELTON","HOME","CORNER","RIGHTFOOT","DOMINANT","WILMINGTON OAC SEMI",NA,"CROSSINAIR","RIGHT","OFFENSIVE","RESTART",2022,0,0.166666666666667,"SIDE"
"40",2,76,"MISSED",6.17,51.87,"AUGUSTINE","HOME","OPENPLAY","RIGHTFOOT","DOMINANT","OBERLIN","PARKER","CROSSONGROUND","RIGHT","OFFENSIVE","COUNTER",2022,0,0.166666666666667,"SIDE"
"41",3,37,"MISSED",11.11,34.59,"CONKEY","HOME","OPENPLAY","HEADER","*","TRINE","J. GRANT","CROSSINAIR","RIGHT","DEFENSIVE","POSSESSION",2022,0,0.0857142857142857,"SIDE"
"42",3,68,"MISSED",112.69,46.56,"OPP","AWAY","THROW-IN","HEADER",NA,"WILMINGTON OAC SEMI",NA,"THROW-IN","LEFT","OFFENSIVE","THROW-IN",2022,0,0.0857142857142857,"SIDE"
"43",3,79,"BLOCKED",13.98,46.19,"KERN","AWAY","CORNER","LEFTVOLLEY","NONDOMINANT","OTTERBEIN",NA,NA,"RIGHT","OFFENSIVE","RESTART",2022,0,0.0857142857142857,"SIDE"
"44",3,26,"SAVED",6.78,42.5,"GERVERS","HOME","CORNER","HEADER",NA,"OBERLIN","KING","CROSSINAIR","RIGHT","OFFENSIVE","RESTART",2022,0,0.0857142857142857,"SIDE"
"45",3,41,"MISSED",11.78,43.55,"MCKEE","AWAY","CORNER","HEADER",NA,"WILLIAMS NCAA",NA,"CROSSINAIR","RIGHT","OFFENSIVE","RESTART",2022,0,0.0857142857142857,"SIDE"
"46",3,29,"MISSED",8.19,31.95,"KING","HOME","THROW-IN","HEADER","*","CARNEGIE MELLON","W. SHAFFER","CROSSINAIR","RIGHT","OFFENSIVE","THROW-IN",2022,0,0.0857142857142857,"SIDE"
"47",3,60,"BLOCKED",16.64,30.45,"OCHSNER","HOME","THROW-IN","LEFTVOLLEY","DOMINANT","KALAMAZOO",NA,NA,"RIGHT","OFFENSIVE","THROW-IN",2022,0,0.0857142857142857,"SIDE"
"48",3,15,"BLOCKED",16.92,46.35,"GERVERS","AWAY","OPENPLAY","RIGHTVOLLEY","DOMINANT","MOUNT UNION","ZEBRAK","Other","MIDDLE","MIDDLE","LONG BALL",2022,0,0.0857142857142857,"MIDDLE"
"49",3,88,"MISSED",11.18,47.92,"SHELTON","HOME","OPENPLAY","HEADER",NA,"MT. ALOYSIUS NCAA",NA,"CROSSINAIR","LEFT","DEFENSIVE","RESTART",2022,0,0.0857142857142857,"SIDE"
"50",3,52,"MISSED",6.74,32.14,"ZEBRAK","AWAY","OPENPLAY","HEADER",NA,"KENYON","W. SHAFFER","CROSSINAIR","MIDDLE","MIDDLE","RESTART",2022,0,0.0857142857142857,"MIDDLE"
"51",3,48,"SAVED",109.33,41.04,"OPP","AWAY","OPENPLAY","HEADER",NA,"KENYON",NA,"CROSSINAIR","LEFT","OFFENSIVE","RESTART",2022,0,0.0857142857142857,"SIDE"
"52",3,44,"MISSED",8.56,42.35,"SCHIRMER","HOME","FREEKICK","HEADER","*","TRINE","GERVERS","LONG BALL","MIDDLE","MIDDLE","RESTART",2022,0,0.0857142857142857,"MIDDLE"
"53",3,33,"SAVED",9.1,45.88,"LOCKE","HOME","CORNER","RIGHTVOLLEY","DOMINANT","KALAMAZOO",NA,NA,"RIGHT","OFFENSIVE","RESTART",2022,0,0.0857142857142857,"SIDE"
"54",3,19,"MISSED",113.88,45.81,"OPP","HOME","FREEKICK","HEADER",NA,"WILLIAMS NCAA",NA,"CROSSINAIR","RIGHT","OFFENSIVE","RESTART",2022,0,0.0857142857142857,"SIDE"
"55",3,30,"MISSED",7.67,43.75,"ZEBRAK","HOME","FREEKICK","HEADER",NA,"OBERLIN","FIRESTONE","CROSSINAIR","LEFT","MIDDLE","RESTART",2022,0,0.0857142857142857,"SIDE"
"56",3,4,"GOAL",14.6,48,"OWN GOAL","AWAY","FREEKICK","HEADER","*","MOUNT UNION","W. SHAFFER","CROSSINAIR","LEFT","MIDDLE","RESTART",2022,1,0.0857142857142857,"SIDE"
"57",3,19,"GOAL",112.79,40.73,"OPP","HOME","CORNER","HEADER",NA,"NORTH PARK",NA,"CROSSINAIR","RIGHT","OFFENSIVE","RESTART",2022,1,0.0857142857142857,"SIDE"
"58",3,12,"MISSED",6.75,34.21,"SHELTON","HOME","OPENPLAY","HEADER","*","NORTH PARK","SUNDERMANN","CROSSINAIR","RIGHT","OFFENSIVE","RESTART",2022,0,0.0857142857142857,"SIDE"
"59",3,72,"MISSED",109.6,42.06,"OPP","HOME","CORNER","HEADER",NA,"OWU",NA,"CROSSINAIR","RIGHT","OFFENSIVE","RESTART",2022,0,0.0857142857142857,"SIDE"
"60",3,105,"MISSED",112.39,46.87,"OPP","AWAY","OPENPLAY","HEADER",NA,"WILMINGTON OAC SEMI",NA,"CROSSINAIR","RIGHT","MIDDLE","RESTART",2022,0,0.0857142857142857,"SIDE"
"61",3,65,"GOAL",7.07,41.18,"PARKER","HOME","OPENPLAY","HEADER","*","KALAMAZOO","SOMMERFELD","Other","MIDDLE","OFFENSIVE","DEFLECTED SHOT",2022,1,0.0857142857142857,"MIDDLE"
"62",3,75,"MISSED",9.82,40.88,"SCHIRMER","HOME","CORNER","HEADER","*","KALAMAZOO","PARKER","CROSSINAIR","RIGHT","OFFENSIVE","RESTART",2022,0,0.0857142857142857,"SIDE"
"63",3,78,"MISSED",12.14,43.23,"SCHIRMER","HOME","FREEKICK","HEADER","*","KALAMAZOO","KING","CROSSINAIR","RIGHT","MIDDLE","RESTART",2022,0,0.0857142857142857,"SIDE"
"64",3,84,"MISSED",15.7,43.6,"DUGGAN","AWAY","OPENPLAY","RIGHTVOLLEY","DOMINANT","JOHN CARROLL","KERN","CROSSINAIR","RIGHT","MIDDLE","LONG BALL",2022,0,0.0857142857142857,"SIDE"
"65",3,78,"MISSED",101.66,45.06,"OPP","AWAY","CORNER","LEFTVOLLEY",NA,"JOHN CARROLL",NA,NA,"MIDDLE","OFFENSIVE","RESTART",2022,0,0.0857142857142857,"MIDDLE"
"66",3,77,"SAVED",104.81,42.2,"OPP","HOME","FREEKICK","HEADER",NA,"NORTH PARK",NA,"CROSSINAIR","RIGHT","MIDDLE","RESTART",2022,0,0.0857142857142857,"SIDE"
"67",3,88,"MISSED",108.45,43.6,"OPP","AWAY","CORNER","HEADER",NA,"JOHN CARROLL",NA,"CROSSINAIR","RIGHT","OFFENSIVE","RESTART",2022,0,0.0857142857142857,"SIDE"
"68",3,106,"BLOCKED",9.1,30.72,"ZEBRAK","HOME","CORNER","HEADER",NA,"MT. ALOYSIUS NCAA",NA,"CROSSINAIR","RIGHT","OFFENSIVE","RESTART",2022,0,0.0857142857142857,"SIDE"
"69",3,70,"MISSED",8.77,37.03,"DUGGAN","HOME","CORNER","HEADER",NA,"OBERLIN","MARSHALL","CROSSINAIR","RIGHT","OFFENSIVE","RESTART",2022,0,0.0857142857142857,"SIDE"
"70",3,22,"SAVED",7.07,38.09,"ZEBRAK","HOME","CORNER","HEADER","*","NORTH PARK","W. SHAFFER","CROSSINAIR","RIGHT","OFFENSIVE","RESTART",2022,0,0.0857142857142857,"SIDE"
"71",3,20,"SAVED",17.56,41.72,"KING","HOME","CORNER","HEADER","*","CARNEGIE MELLON","OSCHNER","CROSSINAIR","MIDDLE","OFFENSIVE","RESTART",2022,0,0.0857142857142857,"MIDDLE"
"72",3,60,"SAVED",109.58,49.41,"OPP","AWAY","CORNER","HEADER",NA,"MOUNT UNION",NA,"CROSSINAIR","RIGHT","OFFENSIVE","RESTART",2022,0,0.0857142857142857,"SIDE"
"73",3,29,"BLOCKED",8.43,43.21,"KERN","AWAY","OPENPLAY","HEADER",NA,"JOHN CARROLL","PARKER","CROSSINAIR","RIGHT","OFFENSIVE","COUNTER",2022,0,0.0857142857142857,"SIDE"
"74",3,75,"BLOCKED",110.5,46.38,"OPP","AWAY","OPENPLAY","RIGHTVOLLEY",NA,"KENYON",NA,"CROSSINAIR","RIGHT","OFFENSIVE","RESTART",2022,0,0.0857142857142857,"SIDE"
"75",3,109,"MISSED",9.4,44.15,"W. SHAFFER","HOME","FREEKICK","HEADER",NA,"WILMINGTON OAC SEMI",NA,"CROSSINAIR","RIGHT","MIDDLE","RESTART",2022,0,0.0857142857142857,"SIDE"
"76",3,78,"SAVED",107.58,39.85,"OPP","AWAY","PENALTYKICK","RIGHTFOOT",NA,"MOUNT UNION",NA,NA,"LEFT","MIDDLE","PENALTY",2022,0,0.75,"SIDE"
"77",3,54,"GOAL",102.9,33.62,"OPP","AWAY","OPENPLAY","RIGHTFOOT",NA,"KENYON",NA,"LONG BALL","RIGHT","MIDDLE","LONG BALL",2022,1,0.333333333333333,"SIDE"
"78",3,19,"MISSED",13.88,43.67,"SOMMERFELD","HOME","OPENPLAY","RIGHTFOOT","DOMINANT","KALAMAZOO","KERN","CROSSONGROUND","RIGHT","DEFENSIVE","POSSESSION",2022,0,0.333333333333333,"SIDE"
"79",3,10,"SAVED",107.71,37.8,"OPP","HOME","OPENPLAY","RIGHTFOOT",NA,"KALAMAZOO",NA,"SHORT PASS","MIDDLE","OFFENSIVE","COUNTER",2022,0,0.333333333333333,"MIDDLE"
"80",3,74,"MISSED",100.4,46.3,"OPP","AWAY","OPENPLAY","RIGHTFOOT",NA,"JOHN CARROLL",NA,"SHORT PASS","LEFT","MIDDLE","POSSESSION",2022,0,0.333333333333333,"SIDE"
"81",3,88,"GOAL",111.38,43.11,"OPP","AWAY","OPENPLAY","RIGHTFOOT",NA,"KENYON",NA,"CROSSONGROUND","MIDDLE","DEFENSIVE","POSSESSION",2022,1,0.333333333333333,"MIDDLE"
"82",3,90,"GOAL",103.49,47.26,"OPP","AWAY","OPENPLAY","RIGHTFOOT",NA,"KENYON",NA,NA,"LEFT","MIDDLE","COUNTER",2022,1,0.333333333333333,"SIDE"
"83",3,93,"MISSED",7.16,42.79,"KING","HOME","OPENPLAY","RIGHTFOOT","DOMINANT","MT. ALOYSIUS NCAA",NA,"CROSSINAIR","RIGHT","OFFENSIVE","COUNTER",2022,0,0.333333333333333,"SIDE"
"84",3,22,"BLOCKED",11.13,50.28,"SOMMERFELD","HOME","OPENPLAY","RIGHTFOOT","DOMINANT","NORTH PARK",NA,NA,"RIGHT","OFFENSIVE","COUNTER",2022,0,0.333333333333333,"SIDE"
"85",3,53,"GOAL",6.78,39.85,"W. SHAFFER","HOME","THROW-IN","LEFTFOOT","DOMINANT","OWU","SHELTON","SHORT PASS","RIGHT","OFFENSIVE","THROW-IN",2022,1,0.333333333333333,"SIDE"
"86",3,49,"SAVED",16.35,31.63,"KING","HOME","OPENPLAY","RIGHTFOOT","DOMINANT","OWU","PARKER","SHORT PASS","RIGHT","DEFENSIVE","COUNTER",2022,0,0.333333333333333,"SIDE"
"87",3,24,"SAVED",7.4,35.06,"PARKER","HOME","OPENPLAY","RIGHTFOOT","DOMINANT","TRINE","W. SHAFFER","CROSSINAIR","LEFT","MIDDLE","COUNTER",2022,0,0.333333333333333,"SIDE"
"88",3,93,"BLOCKED",17.59,49.73,"PARKER","HOME","OPENPLAY","LEFTFOOT","NONDOMINANT","MT. ALOYSIUS NCAA",NA,"LONG BALL","LEFT","DEFENSIVE","RESTART",2022,0,0.333333333333333,"SIDE"
"89",3,12,"GOAL",105.83,46.97,"OPP","AWAY","CORNER","RIGHTFOOT",NA,"KENYON",NA,NA,"LEFT","OFFENSIVE","RESTART",2022,1,0.333333333333333,"SIDE"
"90",3,46,"SAVED",7.34,47.57,"WINCHESTER","AWAY","OPENPLAY","RIGHTFOOT","DOMINANT","OTTERBEIN","SHELTON","SHORT PASS","MIDDLE","OFFENSIVE","COUNTER",2022,0,0.333333333333333,"MIDDLE"
"91",3,20,"SAVED",15.29,33.65,"WINCHESTER","AWAY","OPENPLAY","RIGHTFOOT","DOMINANT","OTTERBEIN","KERN","SHORT PASS","LEFT","MIDDLE","COUNTER",2022,0,0.333333333333333,"SIDE"
"92",3,30,"SAVED",14.01,45.17,"PARKER","HOME","OPENPLAY","RIGHTFOOT","DOMINANT","CARNEGIE MELLON","GOTTRON","CROSSONGROUND","MIDDLE","MIDDLE","COUNTER",2022,0,0.333333333333333,"MIDDLE"
"93",3,78,"GOAL",12.3,40,"KING","HOME","PENALTYKICK","RIGHTFOOT","DOMINANT","NORTH PARK",NA,NA,"MIDDLE","OFFENSIVE","PENALTY",2022,1,0.75,"MIDDLE"
"94",3,85,"GOAL",6.78,36.03,"KERN","HOME","OPENPLAY","RIGHTFOOT","DOMINANT","ROSE-HULMAN","DUGGAN","CROSSONGROUND","MIDDLE","MIDDLE","COUNTER",2022,1,0.333333333333333,"MIDDLE"
"95",3,20,"SAVED",110.47,40.29,"OPP","HOME","OPENPLAY","RIGHTFOOT",NA,"OWU",NA,"THROUGH BALL","LEFT","DEFENSIVE","POSSESSION",2022,0,0.333333333333333,"SIDE"
"96",3,57,"BLOCKED",108.07,38.57,"OPP","HOME","THROW-IN","RIGHTFOOT",NA,"WILLIAMS NCAA",NA,"CROSSINAIR","RIGHT","DEFENSIVE","RESTART",2022,0,0.333333333333333,"SIDE"
"97",3,90,"BLOCKED",10.89,37.32,"MCKEE","AWAY","FREEKICK","RIGHTFOOT","DOMINANT","WILLIAMS NCAA",NA,"CROSSINAIR","LEFT","MIDDLE","RESTART",2022,0,0.333333333333333,"SIDE"
"98",3,35,"SAVED",17.15,42.88,"DUGGAN","HOME","OPENPLAY","RIGHTFOOT","DOMINANT","OBERLIN","GOTTRON","Other","MIDDLE","OFFENSIVE","COUNTER",2022,0,0.333333333333333,"MIDDLE"
"99",3,78,"SAVED",10.05,30.91,"MINCH","AWAY","OPENPLAY","RIGHTFOOT","DOMINANT","OTTERBEIN","PARKER","THROUGH BALL","MIDDLE","DEFENSIVE","COUNTER",2022,0,0.333333333333333,"MIDDLE"
"100",3,75,"BLOCKED",17.74,33.29,"PARKER","AWAY","OPENPLAY","RIGHTFOOT","DOMINANT","WILLIAMS NCAA",NA,"SHORT PASS","MIDDLE","OFFENSIVE","COUNTER",2022,0,0.333333333333333,"MIDDLE"
"101",3,70,"SAVED",13.37,35.03,"MINCH","AWAY","OPENPLAY","RIGHTFOOT","DOMINANT","OTTERBEIN","ISRAEL","Other","MIDDLE","MIDDLE","COUNTER",2022,0,0.333333333333333,"MIDDLE"
"102",3,55,"MISSED",9.09,37.86,"KERN","HOME","OPENPLAY","RIGHTFOOT","DOMINANT","OBERLIN","SOMMERFELD","CROSSONGROUND","LEFT","OFFENSIVE","COUNTER",2022,0,0.333333333333333,"SIDE"
"103",3,25,"MISSED",16.93,38.24,"SOMMERFELD","HOME","OPENPLAY","LEFTFOOT","NONDOMINANT","NORTH PARK","KING","CROSSINAIR","LEFT","OFFENSIVE","COUNTER",2022,0,0.333333333333333,"SIDE"
"104",3,25,"GOAL",6.7,37.96,"KING","AWAY","OPENPLAY","LEFTFOOT","NONDOMINANT","JOHN CARROLL","WINCHESTER","CROSSINAIR","RIGHT","MIDDLE","COUNTER",2022,1,0.333333333333333,"SIDE"
"105",3,14,"BLOCKED",16.5,36.09,"KING","HOME","OPENPLAY","RIGHTFOOT","DOMINANT","OBERLIN","KERN","SHORT PASS","LEFT","OFFENSIVE","COUNTER",2022,0,0.333333333333333,"SIDE"
"106",3,57,"SAVED",111.36,51.16,"OPP","AWAY","OPENPLAY","RIGHTFOOT",NA,"JOHN CARROLL",NA,"SHORT PASS","MIDDLE","MIDDLE","COUNTER",2022,0,0.333333333333333,"MIDDLE"
"107",3,80,"GOAL",107.58,39.85,"OPP","AWAY","PENALTYKICK","RIGHTFOOT",NA,"KENYON",NA,NA,"LEFT","OFFENSIVE","PENALTY",2022,1,0.75,"SIDE"
"108",3,65,"MISSED",102.55,32.13,"OPP","AWAY","OPENPLAY","RIGHTFOOT",NA,"OTTERBEIN",NA,NA,"MIDDLE","OFFENSIVE","POOR CLEARANCE",2022,0,0.333333333333333,"MIDDLE"
"109",3,77,"SAVED",14.17,36.76,"KING","HOME","OPENPLAY","LEFTFOOT","NONDOMINANT","MT. ALOYSIUS NCAA","DUGGAN","SHORT PASS","MIDDLE","OFFENSIVE","RESTART",2022,0,0.333333333333333,"MIDDLE"
"110",3,106,"GOAL",107.77,36.15,"OPP","AWAY","OPENPLAY","RIGHTFOOT",NA,"WILMINGTON OAC SEMI",NA,"SHORT PASS","LEFT","DEFENSIVE","COUNTER",2022,1,0.333333333333333,"SIDE"
"111",3,38,"MISSED",7.21,32.66,"MINCH","HOME","OPENPLAY","LEFTFOOT","NONDOMINANT","OWU","MARSHALL","CROSSONGROUND","RIGHT","MIDDLE","COUNTER",2022,0,0.333333333333333,"SIDE"
"112",3,14,"MISSED",12.28,33.88,"SHELTON","AWAY","FREEKICK","RIGHTFOOT","DOMINANT","MOUNT UNION","ZEBRAK","SHORT PASS","MIDDLE","MIDDLE","RESTART",2022,0,0.333333333333333,"MIDDLE"
"113",3,68,"BLOCKED",103.01,36.1,"OPP","AWAY","THROW-IN","RIGHTFOOT",NA,"OTTERBEIN",NA,"SHORT PASS","LEFT","OFFENSIVE","THROW-IN",2022,0,0.333333333333333,"SIDE"
"114",3,6,"GOAL",12.23,35.7,"KERN","HOME","OPENPLAY","RIGHTFOOT","DOMINANT","WILMINGTON OAC SEMI","KING","SHORT PASS","RIGHT","DEFENSIVE","RESTART",2022,1,0.333333333333333,"SIDE"
"115",3,11,"GOAL",11.41,50.23,"SHELTON","AWAY","OPENPLAY","RIGHTFOOT","DOMINANT","KENYON","SOMMERFELD","CROSSONGROUND","RIGHT","MIDDLE","LONG BALL",2022,1,0.333333333333333,"SIDE"
"116",3,52,"GOAL",110.35,35.54,"OPP","HOME","OPENPLAY","RIGHTFOOT",NA,"CARNEGIE MELLON",NA,"THROUGH BALL","RIGHT","DEFENSIVE","COUNTER",2022,1,0.333333333333333,"SIDE"
"117",3,53,"GOAL",7.03,39.16,"KING","AWAY","OPENPLAY","RIGHTFOOT","DOMINANT","OTTERBEIN","KERN","CROSSONGROUND","LEFT","MIDDLE","COUNTER",2022,1,0.333333333333333,"SIDE"
"118",3,73,"BLOCKED",10.4,50.58,"DUGGAN","HOME","OPENPLAY","RIGHTFOOT","DOMINANT","KALAMAZOO","KING","SHORT PASS","MIDDLE","OFFENSIVE","COUNTER",2022,0,0.333333333333333,"MIDDLE"
"119",3,68,"BLOCKED",10.84,42.5,"DUGGAN","HOME","THROW-IN","LEFTFOOT","NONDOMINANT","KALAMAZOO",NA,NA,"LEFT","OFFENSIVE","THROW-IN",2022,0,0.333333333333333,"SIDE"
"120",3,75,"GOAL",113.13,48.15,"OPP","AWAY","OPENPLAY","LEFTFOOT",NA,"KENYON",NA,"CROSSINAIR","RIGHT","OFFENSIVE","RESTART",2022,1,0.333333333333333,"SIDE"
"121",4,83,"BLOCKED",109.34,25.56,"OPP","AWAY","OPENPLAY","RIGHTVOLLEY",NA,"OTTERBEIN",NA,NA,"RIGHT","OFFENSIVE","COUNTER",2022,0,0.0769230769230769,"SIDE"
"122",4,2,"SAVED",109.16,53.22,"OPP","HOME","FREEKICK","HEADER",NA,"KALAMAZOO",NA,"LONG BALL","MIDDLE","MIDDLE","RESTART",2022,0,0.0769230769230769,"MIDDLE"
"123",4,71,"MISSED",0.24,30.23,"GOTTRON","HOME","FREEKICK","HEADER","*","CARNEGIE MELLON","MARSHALL","CROSSINAIR","RIGHT","OFFENSIVE","RESTART",2022,0,0.0769230769230769,"SIDE"
"124",4,85,"SAVED",8.81,58.07,"PARKER","HOME","FREEKICK","HEADER","*","KALAMAZOO","SUNDERMANN","LONG BALL","MIDDLE","OFFENSIVE","RESTART",2022,0,0.0769230769230769,"MIDDLE"
"125",4,3,"BLOCKED",103,22.27,"OPP","AWAY","THROW-IN","RIGHTVOLLEY",NA,"WILMINGTON OAC SEMI",NA,"THROW-IN","RIGHT","OFFENSIVE","THROW-IN",2022,0,0.0769230769230769,"SIDE"
"126",4,47,"SAVED",6.45,28.29,"SHELTON","AWAY","THROW-IN","RIGHTVOLLEY","DOMINANT","KENYON","W. SHAFFER","CROSSINAIR","LEFT","OFFENSIVE","THROW-IN",2022,0,0.0769230769230769,"SIDE"
"127",4,86,"SAVED",101.57,28.13,"OPP","HOME","OPENPLAY","RIGHTVOLLEY",NA,"OBERLIN",NA,"Other","MIDDLE","OFFENSIVE","COUNTER",2022,0,0.0769230769230769,"MIDDLE"
"128",4,52,"MISSED",102.03,18.8,"OPP","AWAY","THROW-IN","LEFTVOLLEY",NA,"KENYON",NA,NA,"RIGHT","OFFENSIVE","THROW-IN",2022,0,0.0769230769230769,"SIDE"
"129",4,65,"MISSED",6.49,28.65,"W. SHAFFER","HOME","OPENPLAY","LEFTVOLLEY","DOMINANT","CARNEGIE MELLON",NA,NA,"LEFT","OFFENSIVE","DEFLECTED SHOT",2022,0,0.0769230769230769,"SIDE"
"130",4,26,"MISSED",15.76,29.18,"KERN","HOME","THROW-IN","LEFTVOLLEY","NONDOMINANT","TRINE",NA,NA,"RIGHT","OFFENSIVE","THROW-IN",2022,0,0.0769230769230769,"SIDE"
"131",4,79,"GOAL",102.17,61.77,"OPP","HOME","CORNER","RIGHTVOLLEY",NA,"OBERLIN",NA,"SHORT PASS","LEFT","OFFENSIVE","RESTART",2022,1,0.0769230769230769,"SIDE"
"132",4,90,"SAVED",106.83,27.99,"OPP","AWAY","OPENPLAY","RIGHTVOLLEY",NA,"JOHN CARROLL",NA,NA,"LEFT","OFFENSIVE","POOR CLEARANCE",2022,0,0.0769230769230769,"SIDE"
"133",4,43,"BLOCKED",8.75,54,"W. SHAFFER","AWAY","OPENPLAY","HEADER",NA,"JOHN CARROLL","LOCKE","CROSSINAIR","RIGHT","MIDDLE","RESTART",2022,0,0.0769230769230769,"SIDE"
"134",4,2,"SAVED",9.66,26.16,"KERN","HOME","OPENPLAY","LEFTFOOT","NONDOMINANT","CARNEGIE MELLON","SOMMERFELD","SHORT PASS","RIGHT","MIDDLE","COUNTER",2022,0,0.0810810810810811,"SIDE"
"135",4,13,"MISSED",102.06,52.48,"OPP","HOME","OPENPLAY","LEFTFOOT",NA,"ROSE-HULMAN",NA,"LONG BALL","MIDDLE","DEFENSIVE","LONG BALL",2022,0,0.0810810810810811,"MIDDLE"
"136",4,19,"BLOCKED",8.19,26.78,"KERN","HOME","OPENPLAY","LEFTFOOT","NONDOMINANT","CARNEGIE MELLON","DUGGAN","THROUGH BALL","MIDDLE","MIDDLE","COUNTER",2022,0,0.0810810810810811,"MIDDLE"
"137",4,67,"SAVED",109.58,27.29,"OPP","AWAY","OPENPLAY","RIGHTFOOT",NA,"MOUNT UNION",NA,"SHORT PASS","MIDDLE","MIDDLE","COUNTER",2022,0,0.0810810810810811,"MIDDLE"
"138",4,74,"BLOCKED",106.1,24.7,"OPP","AWAY","OPENPLAY","RIGHTFOOT",NA,"MOUNT UNION",NA,"CROSSINAIR","LEFT","MIDDLE","POSSESSION",2022,0,0.0810810810810811,"SIDE"
"139",4,11,"MISSED",105.6,20.82,"OPP","AWAY","OPENPLAY","RIGHTFOOT",NA,"JOHN CARROLL",NA,"LONG BALL","RIGHT","DEFENSIVE","LONG BALL",2022,0,0.0810810810810811,"SIDE"
"140",4,11,"SAVED",110.5,54.09,"OPP","AWAY","OPENPLAY","LEFTFOOT",NA,"KENYON",NA,"CROSSINAIR","RIGHT","OFFENSIVE","COUNTER",2022,0,0.0810810810810811,"SIDE"
"141",4,31,"BLOCKED",10.46,25.48,"KERN","HOME","OPENPLAY","RIGHTFOOT","DOMINANT","CARNEGIE MELLON","MARSHALL","SHORT PASS","MIDDLE","MIDDLE","COUNTER",2022,0,0.0810810810810811,"MIDDLE"
"142",4,63,"BLOCKED",102.49,63.06,"OPP","HOME","OPENPLAY","RIGHTFOOT",NA,"KALAMAZOO",NA,"SHORT PASS","LEFT","DEFENSIVE","LONG BALL",2022,0,0.0810810810810811,"SIDE"
"143",4,7,"MISSED",107.62,53.96,"OPP","AWAY","OPENPLAY","LEFTFOOT",NA,"WILMINGTON OAC SEMI",NA,"SHORT PASS","MIDDLE","MIDDLE","COUNTER",2022,0,0.0810810810810811,"MIDDLE"
"144",4,17,"BLOCKED",104.66,27.1,"OPP","AWAY","OPENPLAY","RIGHTFOOT",NA,"KENYON",NA,"CROSSINAIR","RIGHT","MIDDLE","COUNTER",2022,0,0.0810810810810811,"SIDE"
"145",4,59,"SAVED",14.88,55.82,"SHELTON","AWAY","OPENPLAY","RIGHTFOOT","DOMINANT","OTTERBEIN","KERN","THROUGH BALL","MIDDLE","OFFENSIVE","COUNTER",2022,0,0.0810810810810811,"MIDDLE"
"146",4,34,"SAVED",110.5,54.09,"OPP","AWAY","OPENPLAY","RIGHTFOOT",NA,"KENYON",NA,"SHORT PASS","LEFT","DEFENSIVE","LONG BALL",2022,0,0.0810810810810811,"SIDE"
"147",4,57,"SAVED",17.56,26.06,"KERN","HOME","OPENPLAY","RIGHTFOOT","DOMINANT","CARNEGIE MELLON","KING","SHORT PASS","MIDDLE","DEFENSIVE","COUNTER",2022,0,0.0810810810810811,"MIDDLE"
"148",4,15,"MISSED",15.21,28.91,"SHELTON","HOME","OPENPLAY","RIGHTFOOT","DOMINANT","WILMINGTON OAC SEMI",NA,NA,"LEFT","MIDDLE","RESTART",2022,0,0.0810810810810811,"SIDE"
"149",4,65,"BLOCKED",18.13,27.06,"W. SHAFFER","HOME","OPENPLAY","LEFTFOOT","DOMINANT","CARNEGIE MELLON","KERN","CROSSONGROUND","LEFT","DEFENSIVE","POSSESSION",2022,0,0.0810810810810811,"SIDE"
"150",4,80,"BLOCKED",8.65,27.66,"SHELTON","AWAY","THROW-IN","LEFTFOOT","NONDOMINANT","WILLIAMS NCAA","GERVERS","THROW-IN","LEFT","OFFENSIVE","RESTART",2022,0,0.0810810810810811,"SIDE"
"151",4,43,"BLOCKED",12.58,53.37,"MARSHALL","HOME","OPENPLAY","LEFTFOOT","DOMINANT","OWU","KING","SHORT PASS","MIDDLE","DEFENSIVE","COUNTER",2022,0,0.0810810810810811,"MIDDLE"
"152",4,67,"SAVED",109.92,23.54,"OPP","AWAY","OPENPLAY","RIGHTFOOT",NA,"KENYON",NA,"SHORT PASS","MIDDLE","DEFENSIVE","POSSESSION",2022,0,0.0810810810810811,"MIDDLE"
"153",4,60,"MISSED",103,59.84,"OPP","AWAY","CORNER","RIGHTFOOT",NA,"WILMINGTON OAC SEMI",NA,"CROSSINAIR","RIGHT","OFFENSIVE","RESTART",2022,0,0.0810810810810811,"SIDE"
"154",4,56,"SAVED",11.56,62.62,"SHELTON","HOME","THROW-IN","RIGHTFOOT","DOMINANT","OWU","LOCKE","THROUGH BALL","RIGHT","OFFENSIVE","THROW-IN",2022,0,0.0810810810810811,"SIDE"
"155",4,80,"MISSED",12.68,54.11,"WINCHESTER","HOME","OPENPLAY","LEFTFOOT","NONDOMINANT","MT. ALOYSIUS NCAA",NA,"Other","RIGHT","MIDDLE","RESTART",2022,0,0.0810810810810811,"SIDE"
"156",4,16,"BLOCKED",111.65,58.78,"OPP","HOME","OPENPLAY","LEFTFOOT",NA,"WILLIAMS NCAA",NA,"LONG BALL","MIDDLE","DEFENSIVE","LONG BALL",2022,0,0.0810810810810811,"MIDDLE"
"157",4,82,"BLOCKED",105.4,26.59,"OPP","HOME","OPENPLAY","RIGHTFOOT",NA,"TRINE",NA,"CROSSONGROUND","LEFT","MIDDLE","LONG BALL",2022,0,0.0810810810810811,"SIDE"
"158",4,14,"SAVED",103.2,54.56,"OPP","HOME","OPENPLAY","LEFTFOOT",NA,"OBERLIN",NA,NA,"LEFT","MIDDLE","COUNTER",2022,0,0.0810810810810811,"SIDE"
"159",4,70,"SAVED",106.78,17.76,"OPP","AWAY","OPENPLAY","RIGHTFOOT",NA,"OTTERBEIN",NA,"THROUGH BALL","MIDDLE","MIDDLE","COUNTER",2022,0,0.0810810810810811,"MIDDLE"
"160",4,22,"MISSED",17.3,24.23,"W. SHAFFER","HOME","OPENPLAY","LEFTFOOT","DOMINANT","WILMINGTON OAC SEMI",NA,"SHORT PASS","RIGHT","DEFENSIVE","POSSESSION",2022,0,0.0810810810810811,"SIDE"
"161",4,11,"SAVED",13.45,19.88,"KING","HOME","CORNER","RIGHTFOOT","DOMINANT","ROSE-HULMAN","GERVERS","SHORT PASS","RIGHT","OFFENSIVE","RESTART",2022,0,0.0810810810810811,"SIDE"
"162",4,21,"GOAL",112.37,52.94,"OPP","AWAY","OPENPLAY","RIGHTFOOT",NA,"MOUNT UNION",NA,"THROUGH BALL","MIDDLE","DEFENSIVE","COUNTER",2022,1,0.0810810810810811,"MIDDLE"
"163",4,42,"SAVED",107.28,27.96,"OPP","HOME","OPENPLAY","RIGHTFOOT",NA,"NORTH PARK",NA,"THROUGH BALL","MIDDLE","MIDDLE","COUNTER",2022,0,0.0810810810810811,"MIDDLE"
"164",4,69,"SAVED",17.59,53.5,"SHELTON","AWAY","OPENPLAY","RIGHTFOOT","DOMINANT","WILLIAMS NCAA","KING","SHORT PASS","RIGHT","MIDDLE","RESTART",2022,0,0.0810810810810811,"SIDE"
"165",4,65,"SAVED",12.14,27.37,"N. GOTTRON","HOME","OPENPLAY","RIGHTFOOT","DOMINANT","KALAMAZOO","PARKER","SHORT PASS","LEFT","MIDDLE","POSSESSION",2022,0,0.0810810810810811,"SIDE"
"166",4,84,"SAVED",105.98,52.75,"OPP","AWAY","OPENPLAY","LEFTFOOT",NA,"WILMINGTON OAC SEMI",NA,"SHORT PASS","RIGHT","OFFENSIVE","COUNTER",2022,0,0.0810810810810811,"SIDE"
"167",4,58,"GOAL",7.79,29.78,"SOMMERFELD","HOME","OPENPLAY","LEFTFOOT","NONDOMINANT","OBERLIN","W. SHAFFER","SHORT PASS","MIDDLE","OFFENSIVE","COUNTER",2022,1,0.0810810810810811,"MIDDLE"
"168",4,9,"MISSED",104.64,60.14,"OPP","AWAY","OPENPLAY","LEFTFOOT",NA,"MT. ALOYSIUS NCAA",NA,NA,"LEFT","OFFENSIVE","COUNTER",2022,0,0.0810810810810811,"SIDE"
"169",4,52,"GOAL",9.1,27.37,"KERN","HOME","OPENPLAY","RIGHTFOOT","DOMINANT","ROSE-HULMAN","PARKER","THROUGH BALL","LEFT","DEFENSIVE","POSSESSION",2022,1,0.0810810810810811,"SIDE"
"170",4,3,"SAVED",12,55.57,"SOMMERFELD","HOME","OPENPLAY","RIGHTFOOT","DOMINANT","OWU","PARKER","SHORT PASS","LEFT","MIDDLE","COUNTER",2022,0,0.0810810810810811,"SIDE"
"171",5,66,"SAVED",5.91,55.13,"PARKER","HOME","OPENPLAY","HEADER","*","NORTH PARK","GERVERS","LONG BALL","MIDDLE","MIDDLE","LONG BALL",2022,0,0,"MIDDLE"
"172",5,31,"MISSED",113.59,57.28,"OPP","AWAY","OPENPLAY","LEFTFOOT",NA,"WILMINGTON OAC SEMI",NA,"SHORT PASS","MIDDLE","MIDDLE","RESTART",2022,0,0,"MIDDLE"
"173",5,92,"MISSED",118.06,57.43,"OPP","AWAY","OPENPLAY","LEFTFOOT",NA,"MT. ALOYSIUS NCAA",NA,"SHORT PASS","RIGHT","DEFENSIVE","RESTART",2022,0,0,"SIDE"
"174",5,35,"SAVED",115.53,26.01,"OPP","AWAY","OPENPLAY","RIGHTFOOT",NA,"OTTERBEIN",NA,"THROUGH BALL","MIDDLE","MIDDLE","COUNTER",2022,0,0,"MIDDLE"
"175",5,86,"MISSED",114.23,52.47,"OPP","AWAY","OPENPLAY","LEFTFOOT",NA,"MOUNT UNION",NA,"CROSSONGROUND","LEFT","MIDDLE","POSSESSION",2022,0,0,"SIDE"
"176",5,82,"MISSED",113.29,60.29,"OPP","AWAY","OPENPLAY","LEFTFOOT",NA,"MT. ALOYSIUS NCAA",NA,"SHORT PASS","RIGHT","DEFENSIVE","RESTART",2022,0,0,"SIDE"
"177",5,51,"SAVED",5.47,51.9,"SHELTON","HOME","OPENPLAY","RIGHTFOOT","DOMINANT","KALAMAZOO","SOMMERFELD","CROSSONGROUND","RIGHT","DEFENSIVE","POSSESSION",2022,0,0,"SIDE"
"178",5,32,"MISSED",4.31,27.96,"SOMMERFELD","HOME","OPENPLAY","RIGHTFOOT","DOMINANT","KALAMAZOO",NA,NA,"LEFT","OFFENSIVE","COUNTER",2022,0,0,"SIDE"
"179",5,54,"MISSED",115.4,52.78,"OPP","HOME","OPENPLAY","LEFTFOOT",NA,"NORTH PARK",NA,"SHORT PASS","LEFT","OFFENSIVE","COUNTER",2022,0,0,"SIDE"
"180",5,28,"MISSED",113.88,29.21,"OPP","AWAY","OPENPLAY","RIGHTFOOT",NA,"WILMINGTON OAC SEMI",NA,"SHORT PASS","LEFT","DEFENSIVE","RESTART",2022,0,0,"SIDE"
"181",6,37,"MISSED",99.3,49.25,"OPP","HOME","CORNER","LEFTVOLLEY",NA,"ROSE-HULMAN",NA,NA,"LEFT","OFFENSIVE","RESTART",2022,0,0.125,"SIDE"
"182",6,86,"MISSED",98.44,58.12,"OPP","AWAY","CORNER","RIGHTVOLLEY",NA,"MOUNT UNION",NA,"CROSSINAIR","RIGHT","OFFENSIVE","RESTART",2022,0,0.125,"SIDE"
"183",6,85,"BLOCKED",22,58.51,"DUGGAN","HOME","FREEKICK","RIGHTVOLLEY","DOMINANT","KALAMAZOO",NA,NA,"MIDDLE","MIDDLE","RESTART",2022,0,0.125,"MIDDLE"
"184",6,17,"BLOCKED",20.96,37.41,"PARKER","HOME","OPENPLAY","RIGHTVOLLEY","DOMINANT","CARNEGIE MELLON","SHELTON","Other","MIDDLE","OFFENSIVE","POOR CLEARANCE",2022,0,0.125,"MIDDLE"
"185",6,19,"GOAL",19.01,38.12,"WINCHESTER","AWAY","CORNER","RIGHTVOLLEY","DOMINANT","MOUNT UNION","KING","SHORT PASS","RIGHT","OFFENSIVE","RESTART",2022,1,0.125,"SIDE"
"186",6,86,"SAVED",21.42,44.11,"PARKER","HOME","OPENPLAY","LEFTVOLLEY","NONDOMINANT","OWU",NA,NA,"RIGHT","OFFENSIVE","COUNTER",2022,0,0.125,"SIDE"
"187",6,68,"SAVED",99.04,55.09,"OPP","HOME","OPENPLAY","LEFTVOLLEY",NA,"CARNEGIE MELLON",NA,"LONG BALL","MIDDLE","MIDDLE","LONG BALL",2022,0,0.125,"MIDDLE"
"188",6,46,"SAVED",23.48,30.75,"W. SHAFFER","AWAY","THROW-IN","LEFTVOLLEY","DOMINANT","OTTERBEIN",NA,NA,"RIGHT","OFFENSIVE","THROW-IN",2022,0,0.125,"SIDE"
"189",6,47,"GOAL",21.68,45.17,"MCKEE","AWAY","OPENPLAY","RIGHTVOLLEY","DOMINANT","JOHN CARROLL",NA,NA,"MIDDLE","OFFENSIVE","DEFLECTED PASS",2022,1,0.125,"MIDDLE"
"190",6,83,"MISSED",99.56,51.48,"OPP","AWAY","OPENPLAY","LEFTVOLLEY",NA,"JOHN CARROLL",NA,"CROSSINAIR","RIGHT","OFFENSIVE","POSSESSION",2022,0,0.125,"SIDE"
"191",6,30,"MISSED",25.07,41.08,"KING","AWAY","CORNER","RIGHTVOLLEY","DOMINANT","JOHN CARROLL",NA,NA,"RIGHT","OFFENSIVE","RESTART",2022,0,0.125,"SIDE"
"192",6,90,"MISSED",98.14,56.74,"OPP","HOME","THROW-IN","RIGHTVOLLEY",NA,"KALAMAZOO",NA,NA,"LEFT","OFFENSIVE","THROW-IN",2022,0,0.125,"SIDE"
"193",6,25,"MISSED",99.16,54.54,"OPP","HOME","OPENPLAY","RIGHTVOLLEY",NA,"ROSE-HULMAN",NA,"Other","RIGHT","DEFENSIVE","POSSESSION",2022,0,0.125,"SIDE"
"194",6,75,"SAVED",23.07,40.33,"MINCH","HOME","CORNER","RIGHTVOLLEY","DOMINANT","OBERLIN",NA,NA,"RIGHT","OFFENSIVE","RESTART",2022,0,0.125,"SIDE"
"195",6,86,"MISSED",100.21,26.26,"OPP","AWAY","OPENPLAY","RIGHTVOLLEY",NA,"JOHN CARROLL",NA,NA,"RIGHT","OFFENSIVE","COUNTER",2022,0,0.125,"SIDE"
"196",6,58,"SAVED",92.4,29.41,"OPP","AWAY","OPENPLAY","RIGHTVOLLEY",NA,"MOUNT UNION",NA,NA,"MIDDLE","OFFENSIVE","POOR CLEARANCE",2022,0,0.125,"MIDDLE"
"197",6,68,"MISSED",25.2,47.77,"KING","HOME","OPENPLAY","RIGHTFOOT","DOMINANT","MT. ALOYSIUS NCAA",NA,"SHORT PASS","MIDDLE","OFFENSIVE","COUNTER",2022,0,0.04,"MIDDLE"
"198",6,70,"SAVED",100.53,29.25,"OPP","AWAY","OPENPLAY","LEFTFOOT",NA,"JOHN CARROLL",NA,"CROSSINAIR","LEFT","MIDDLE","COUNTER",2022,0,0.04,"SIDE"
"199",6,36,"BLOCKED",22.73,27.96,"DUGGAN","HOME","OPENPLAY","LEFTFOOT","NONDOMINANT","KALAMAZOO","KING","SHORT PASS","LEFT","MIDDLE","COUNTER",2022,0,0.04,"SIDE"
"200",6,52,"MISSED",21.25,24.62,"OCHSNER","HOME","OPENPLAY","RIGHTFOOT","NONDOMINANT","CARNEGIE MELLON",NA,NA,"LEFT","DEFENSIVE","LONG BALL",2022,0,0.04,"SIDE"
"201",6,91,"SAVED",33.24,45.66,"KING","HOME","OPENPLAY","RIGHTFOOT","DOMINANT","MT. ALOYSIUS NCAA",NA,"SHORT PASS","MIDDLE","MIDDLE","RESTART",2022,0,0.04,"MIDDLE"
"202",6,22,"MISSED",23.45,27.96,"KERN","HOME","OPENPLAY","RIGHTFOOT","DOMINANT","NORTH PARK","SOMMERFELD","SHORT PASS","MIDDLE","MIDDLE","COUNTER",2022,0,0.04,"MIDDLE"
"203",6,35,"MISSED",27.13,63.61,"KING","HOME","FREEKICK","RIGHTFOOT","DOMINANT","MT. ALOYSIUS NCAA",NA,NA,"LEFT","OFFENSIVE","RESTART",2022,0,0.04,"SIDE"
"204",6,59,"SAVED",27.81,31.63,"MARSHALL","HOME","OPENPLAY","LEFTFOOT","DOMINANT","KALAMAZOO","GERVERS","SHORT PASS","MIDDLE","MIDDLE","POSSESSION",2022,0,0.04,"MIDDLE"
"205",6,24,"GOAL",19.24,33.88,"SHELTON","AWAY","OPENPLAY","RIGHTFOOT","DOMINANT","MOUNT UNION","DUGGAN","SHORT PASS","LEFT","OFFENSIVE","POSSESSION",2022,1,0.04,"SIDE"
"206",6,74,"BLOCKED",20.13,30.87,"PARKER","HOME","OPENPLAY","RIGHTFOOT","DOMINANT","MT. ALOYSIUS NCAA",NA,"SHORT PASS","MIDDLE","MIDDLE","COUNTER",2022,0,0.04,"MIDDLE"
"207",6,48,"SAVED",25.05,55.92,"W. SHAFFER","AWAY","FREEKICK","LEFTFOOT","DOMINANT","WILLIAMS NCAA",NA,NA,"RIGHT","OFFENSIVE","RESTART",2022,0,0.04,"SIDE"
"208",6,33,"SAVED",19.97,39.27,"WINCHESTER","HOME","OPENPLAY","LEFTFOOT","NONDOMINANT","ROSE-HULMAN","DUGGAN","SHORT PASS","RIGHT","MIDDLE","POSSESSION",2022,0,0.04,"SIDE"
"209",6,8,"BLOCKED",21.06,63.57,"LOCKE","AWAY","OPENPLAY","RIGHTFOOT","DOMINANT","KENYON",NA,NA,"RIGHT","OFFENSIVE","COUNTER",2022,0,0.04,"SIDE"
"210",6,46,"SAVED",19.31,54.97,"LOCKE","AWAY","OPENPLAY","RIGHTFOOT","DOMINANT","KENYON","SOMMERFELD","SHORT PASS","RIGHT","OFFENSIVE","COUNTER",2022,0,0.04,"SIDE"
"211",6,50,"MISSED",95.91,26.78,"OPP","HOME","OPENPLAY","LEFTFOOT",NA,"CARNEGIE MELLON",NA,"SHORT PASS","RIGHT","MIDDLE","COUNTER",2022,0,0.04,"SIDE"
"212",6,102,"SAVED",23.85,45.66,"MCKEE","HOME","OPENPLAY","RIGHTFOOT","DOMINANT","MT. ALOYSIUS NCAA","KING","SHORT PASS","MIDDLE","DEFENSIVE","RESTART",2022,0,0.04,"MIDDLE"
"213",6,5,"BLOCKED",20.54,30.17,"KERN","HOME","OPENPLAY","LEFTFOOT","NONDOMINANT","OBERLIN","SCHIRMER","SHORT PASS","MIDDLE","OFFENSIVE","COUNTER",2022,0,0.04,"MIDDLE"
"214",6,56,"SAVED",24,35.1,"KERN","HOME","OPENPLAY","LEFTFOOT","NONDOMINANT","MT. ALOYSIUS NCAA",NA,"THROUGH BALL","MIDDLE","DEFENSIVE","RESTART",2022,0,0.04,"MIDDLE"
"215",6,15,"MISSED",23.71,37.36,"KING","HOME","OPENPLAY","RIGHTFOOT","DOMINANT","WILMINGTON OAC SEMI",NA,"SHORT PASS","MIDDLE","MIDDLE","COUNTER",2022,0,0.04,"MIDDLE"
"216",6,83,"SAVED",91.38,37.36,"OPP","AWAY","OPENPLAY","LEFTFOOT",NA,"MT. ALOYSIUS NCAA",NA,"SHORT PASS","RIGHT","MIDDLE","COUNTER",2022,0,0.04,"SIDE"
"217",6,47,"MISSED",15.66,20.61,"KERN","HOME","OPENPLAY","RIGHTFOOT","DOMINANT","MT. ALOYSIUS NCAA","SHELTON","SHORT PASS","LEFT","DEFENSIVE","RESTART",2022,0,0.04,"SIDE"
"218",6,56,"SAVED",95.24,46.17,"OPP","HOME","OPENPLAY","RIGHTFOOT",NA,"NORTH PARK",NA,"SHORT PASS","MIDDLE","OFFENSIVE","COUNTER",2022,0,0.04,"MIDDLE"
"219",6,90,"MISSED",25.94,61.05,"W. SHAFFER","HOME","FREEKICK","LEFTFOOT","DOMINANT","MT. ALOYSIUS NCAA",NA,NA,"RIGHT","OFFENSIVE","RESTART",2022,0,0.04,"SIDE"
"220",6,5,"SAVED",95.1,46.61,"OPP","AWAY","FREEKICK","RIGHTFOOT",NA,"KENYON",NA,NA,"MIDDLE","OFFENSIVE","RESTART",2022,0,0.04,"MIDDLE"
"221",6,51,"SAVED",21.77,37.06,"KING","HOME","FREEKICK","RIGHTFOOT","DOMINANT","MT. ALOYSIUS NCAA",NA,NA,"MIDDLE","OFFENSIVE","RESTART",2022,0,0.04,"MIDDLE"
"222",6,39,"MISSED",27.81,27.08,"MARSHALL","HOME","THROW-IN","LEFTFOOT","DOMINANT","KALAMAZOO","DUGGAN","SHORT PASS","MIDDLE","MIDDLE","THROW-IN",2022,0,0.04,"MIDDLE"
"223",6,68,"BLOCKED",34.74,44,"MARSHALL","HOME","CORNER","LEFTFOOT","DOMINANT","MT. ALOYSIUS NCAA",NA,NA,"RIGHT","OFFENSIVE","RESTART",2022,0,0.04,"SIDE"
"224",6,72,"MISSED",25.34,53.05,"KING","HOME","OPENPLAY","RIGHTFOOT","DOMINANT","WILMINGTON OAC SEMI",NA,"SHORT PASS","MIDDLE","DEFENSIVE","RESTART",2022,0,0.04,"MIDDLE"
"225",6,78,"SAVED",19.98,34.04,"PARKER","HOME","OPENPLAY","RIGHTFOOT","DOMINANT","WILMINGTON OAC SEMI",NA,"CROSSONGROUND","LEFT","MIDDLE","COUNTER",2022,0,0.04,"SIDE"
"226",6,75,"MISSED",24.94,53.94,"WINCHESTER","HOME","OPENPLAY","RIGHTFOOT","DOMINANT","CARNEGIE MELLON","CONKEY","Other","MIDDLE","DEFENSIVE","LONG BALL",2022,0,0.04,"MIDDLE"
"227",6,5,"MISSED",26.65,27.08,"SHELTON","HOME","FREEKICK","RIGHTFOOT","DOMINANT","OWU",NA,NA,"MIDDLE","OFFENSIVE","RESTART",2022,0,0.04,"MIDDLE"
"228",6,36,"SAVED",22.73,28.94,"KING","AWAY","FREEKICK","RIGHTFOOT","DOMINANT","MOUNT UNION",NA,NA,"LEFT","OFFENSIVE","RESTART",2022,0,0.04,"SIDE"
"229",6,52,"SAVED",96.11,41.41,"OPP","AWAY","FREEKICK","RIGHTFOOT",NA,"MOUNT UNION",NA,NA,"MIDDLE","OFFENSIVE","RESTART",2022,0,0.04,"MIDDLE"
"230",6,26,"MISSED",96.98,55.57,"OPP","HOME","OPENPLAY","LEFTFOOT",NA,"OWU",NA,NA,"LEFT","OFFENSIVE","COUNTER",2022,0,0.04,"SIDE"
"231",6,45,"MISSED",21.77,37.81,"MCKEE","HOME","OPENPLAY","LEFTFOOT","NONDOMINANT","MT. ALOYSIUS NCAA",NA,"CROSSINAIR","MIDDLE","MIDDLE","RESTART",2022,0,0.04,"MIDDLE"
"232",6,28,"MISSED",92.65,43.74,"OPP","HOME","OPENPLAY","RIGHTFOOT",NA,"CARNEGIE MELLON",NA,"LONG BALL","MIDDLE","DEFENSIVE","LONG BALL",2022,0,0.04,"MIDDLE"
"233",6,49,"SAVED",96.18,54.09,"OPP","AWAY","OPENPLAY","RIGHTFOOT",NA,"KENYON",NA,"SHORT PASS","LEFT","OFFENSIVE","COUNTER",2022,0,0.04,"SIDE"
"234",6,44,"MISSED",99.87,34.64,"OPP","HOME","OPENPLAY","LEFTFOOT",NA,"WILLIAMS NCAA",NA,"Other","RIGHT","OFFENSIVE","RESTART",2022,0,0.04,"SIDE"
"235",6,90,"SAVED",19.83,50.79,"DUGGAN","AWAY","OPENPLAY","RIGHTFOOT","DOMINANT","WILLIAMS NCAA",NA,"SHORT PASS","MIDDLE","OFFENSIVE","DEFLECTED SHOT",2022,0,0.04,"MIDDLE"
"236",6,44,"GOAL",19.16,43.9,"MARSHALL","HOME","OPENPLAY","LEFTFOOT","DOMINANT","OBERLIN","GEORGE","SHORT PASS","LEFT","MIDDLE","COUNTER",2022,1,0.04,"SIDE"
"237",6,42,"MISSED",28.2,37.41,"GEORGE","HOME","OPENPLAY","RIGHTFOOT","DOMINANT","CARNEGIE MELLON","W. SHAFFER","SHORT PASS","MIDDLE","MIDDLE","COUNTER",2022,0,0.04,"MIDDLE"
"238",6,35,"GOAL",98.87,52.78,"OPP","HOME","OPENPLAY","RIGHTFOOT",NA,"NORTH PARK",NA,"SHORT PASS","LEFT","DEFENSIVE","POSSESSION",2022,1,0.04,"SIDE"
"239",6,19,"MISSED",96.47,58.53,"OPP","AWAY","FREEKICK","RIGHTFOOT",NA,"KENYON",NA,NA,"LEFT","MIDDLE","RESTART",2022,0,0.04,"SIDE"
"240",6,8,"SAVED",26.98,50.18,"W. SHAFFER","HOME","OPENPLAY","LEFTFOOT","DOMINANT","MT. ALOYSIUS NCAA","WINCHESTER","SHORT PASS","RIGHT","MIDDLE","RESTART",2022,0,0.04,"SIDE"
"241",6,68,"MISSED",26.35,29.57,"MINCH","HOME","OPENPLAY","RIGHTFOOT","DOMINANT","ROSE-HULMAN",NA,"LONG BALL","LEFT","DEFENSIVE","POSSESSION",2022,0,0.04,"SIDE"
"242",6,21,"SAVED",96.69,54.83,"OPP","HOME","OPENPLAY","RIGHTFOOT",NA,"OBERLIN",NA,"SHORT PASS","LEFT","OFFENSIVE","COUNTER",2022,0,0.04,"SIDE"
"243",6,61,"BLOCKED",91.61,30.6,"OPP","HOME","FREEKICK","RIGHTFOOT",NA,"NORTH PARK",NA,NA,"MIDDLE","OFFENSIVE","RESTART",2022,0,0.04,"MIDDLE"
"244",6,9,"MISSED",25.59,37.1,"KERN","HOME","OPENPLAY","RIGHTFOOT","DOMINANT","NORTH PARK","W. SHAFFER","SHORT PASS","LEFT","DEFENSIVE","POSSESSION",2022,0,0.04,"SIDE"
"245",6,89,"BLOCKED",25.2,19.71,"SHELTON","AWAY","OPENPLAY","LEFTFOOT","NONDOMINANT","WILLIAMS NCAA",NA,"Other","MIDDLE","DEFENSIVE","LONG BALL",2022,0,0.04,"MIDDLE"
"246",6,67,"BLOCKED",22.48,58.26,"DUGGAN","AWAY","OPENPLAY","LEFTFOOT","NONDOMINANT","JOHN CARROLL","KING","SHORT PASS","MIDDLE","DEFENSIVE","POSSESSION",2022,0,0.04,"MIDDLE"
"247",6,2,"MISSED",19.02,57.66,"SOMMERFELD","HOME","OPENPLAY","LEFTFOOT","NONDOMINANT","NORTH PARK","LOCKE","SHORT PASS","RIGHT","DEFENSIVE","COUNTER",2022,0,0.04,"SIDE"
"248",6,73,"MISSED",26.32,27.14,"FIRESTONE","HOME","OPENPLAY","RIGHTFOOT","DOMINANT","OBERLIN","DUGGAN","SHORT PASS","LEFT","MIDDLE","POSSESSION",2022,0,0.04,"SIDE"
"249",6,82,"BLOCKED",19.25,27.08,"SOMMERFELD","HOME","FREEKICK","RIGHTFOOT","DOMINANT","NORTH PARK",NA,NA,"LEFT","MIDDLE","RESTART",2022,0,0.04,"SIDE"
"250",6,85,"SAVED",20.17,44.24,"PARKER","AWAY","OPENPLAY","RIGHTFOOT","DOMINANT","MOUNT UNION",NA,NA,"RIGHT","OFFENSIVE","COUNTER",2022,0,0.04,"SIDE"
"251",6,42,"BLOCKED",21.32,42.94,"GOTTRON","AWAY","OPENPLAY","RIGHTFOOT","DOMINANT","WILLIAMS NCAA",NA,"SHORT PASS","LEFT","OFFENSIVE","RESTART",2022,0,0.04,"SIDE"
"252",6,74,"BLOCKED",18.64,49.88,"KERN","AWAY","FREEKICK","RIGHTFOOT","DOMINANT","WILLIAMS NCAA","SHELTON","Other","MIDDLE","MIDDLE","LONG BALL",2022,0,0.04,"MIDDLE"
"253",6,25,"BLOCKED",28.68,52.04,"W. SHAFFER","HOME","FREEKICK","LEFTFOOT","DOMINANT","KALAMAZOO",NA,NA,"MIDDLE","OFFENSIVE","RESTART",2022,0,0.04,"MIDDLE"
"254",6,2,"BLOCKED",24.3,36.3,"KERN","AWAY","OPENPLAY","LEFTFOOT","NONDOMINANT","WILLIAMS NCAA","KING","SHORT PASS","RIGHT","MIDDLE","RESTART",2022,0,0.04,"SIDE"
"255",6,33,"MISSED",100.29,51.77,"OPP","AWAY","OPENPLAY","LEFTFOOT",NA,"MOUNT UNION",NA,NA,"MIDDLE","MIDDLE","COUNTER",2022,0,0.04,"MIDDLE"
"256",6,13,"SAVED",28.77,48.52,"SHELTON","HOME","OPENPLAY","RIGHTFOOT","DOMINANT","WILMINGTON OAC SEMI",NA,NA,"MIDDLE","MIDDLE","COUNTER",2022,0,0.04,"MIDDLE"
"257",6,20,"SAVED",27.84,27.29,"OPP","HOME","FREEKICK","RIGHTFOOT",NA,"TRINE",NA,NA,"LEFT","OFFENSIVE","RESTART",2022,0,0.04,"SIDE"
"258",6,86,"SAVED",22.07,42.79,"MCKEE","HOME","CORNER","LEFTFOOT","NONDOMINANT","MT. ALOYSIUS NCAA",NA,NA,"LEFT","OFFENSIVE","RESTART",2022,0,0.04,"SIDE"
"259",6,51,"SAVED",97.47,37.13,"OPP","HOME","OPENPLAY","LEFTFOOT",NA,"CARNEGIE MELLON",NA,"SHORT PASS","RIGHT","MIDDLE","COUNTER",2022,0,0.04,"SIDE"
"260",6,52,"SAVED",99.59,23.4,"OPP","HOME","OPENPLAY","RIGHTFOOT",NA,"NORTH PARK",NA,"THROUGH BALL","RIGHT","DEFENSIVE","POSSESSION",2022,0,0.04,"SIDE"
"261",6,8,"MISSED",20.58,37.81,"KERN","HOME","OPENPLAY","RIGHTFOOT","DOMINANT","WILMINGTON OAC SEMI",NA,"SHORT PASS","LEFT","MIDDLE","COUNTER",2022,0,0.04,"SIDE"
"262",6,68,"BLOCKED",25.72,38.4,"KING","AWAY","OPENPLAY","RIGHTFOOT","DOMINANT","JOHN CARROLL",NA,"SHORT PASS","MIDDLE","MIDDLE","COUNTER",2022,0,0.04,"MIDDLE"
"263",6,7,"MISSED",94.51,43.39,"OPP","AWAY","OPENPLAY","RIGHTFOOT",NA,"WILMINGTON OAC SEMI",NA,"SHORT PASS","MIDDLE","DEFENSIVE","RESTART",2022,0,0.04,"MIDDLE"
"264",6,96,"MISSED",19.08,27.7,"KERN","HOME","OPENPLAY","RIGHTFOOT","DOMINANT","MT. ALOYSIUS NCAA",NA,"CROSSINAIR","RIGHT","DEFENSIVE","RESTART",2022,0,0.04,"SIDE"
"265",6,1,"MISSED",93.16,56.37,"OPP","HOME","OPENPLAY","RIGHTFOOT",NA,"WILLIAMS NCAA",NA,"SHORT PASS","MIDDLE","MIDDLE","RESTART",2022,0,0.04,"MIDDLE"
"266",6,88,"MISSED",22.87,49.69,"SHELTON","HOME","OPENPLAY","RIGHTFOOT","DOMINANT","OWU","LOCKE","SHORT PASS","RIGHT","MIDDLE","COUNTER",2022,0,0.04,"SIDE"
"267",6,7,"MISSED",19.08,40.68,"KING","HOME","OPENPLAY","LEFTFOOT","NONDOMINANT","MT. ALOYSIUS NCAA",NA,"SHORT PASS","RIGHT","OFFENSIVE","COUNTER",2022,0,0.04,"SIDE"
"268",6,34,"SAVED",93.74,34.3,"OPP","AWAY","OPENPLAY","RIGHTFOOT",NA,"JOHN CARROLL",NA,"SHORT PASS","LEFT","OFFENSIVE","COUNTER",2022,0,0.04,"SIDE"
"269",6,82,"SAVED",100.02,34.49,"OPP","AWAY","THROW-IN","RIGHTFOOT",NA,"WILMINGTON OAC SEMI",NA,"THROW-IN","LEFT","OFFENSIVE","THROW-IN",2022,0,0.04,"SIDE"
"270",6,62,"MISSED",99.72,35.7,"OPP","HOME","OPENPLAY","RIGHTFOOT",NA,"WILLIAMS NCAA",NA,"Other","LEFT","OFFENSIVE","RESTART",2022,0,0.04,"SIDE"
"271",6,65,"BLOCKED",97.19,48.83,"OPP","HOME","OPENPLAY","LEFTFOOT",NA,"WILLIAMS NCAA",NA,"THROW-IN","LEFT","OFFENSIVE","RESTART",2022,0,0.04,"SIDE"
"272",7,58,"MISSED",32.3,41.47,"PARKER","HOME","THROW-IN","RIGHTVOLLEY","DOMINANT","ROSE-HULMAN",NA,NA,"MIDDLE","OFFENSIVE","RESTART",2022,0,0,"MIDDLE"
"273",7,11,"SAVED",33.18,29.88,"W. SHAFFER","AWAY","THROW-IN","LEFTVOLLEY","DOMINANT","OTTERBEIN",NA,"THROW-IN","LEFT","OFFENSIVE","THROW-IN",2022,0,0,"SIDE"
"274",7,36,"BLOCKED",88.28,37.21,"OPP","HOME","OPENPLAY","LEFTFOOT",NA,"ROSE-HULMAN",NA,"SHORT PASS","MIDDLE","MIDDLE","COUNTER",2022,0,0,"MIDDLE"
"275",7,70,"MISSED",82.33,41.03,"OPP","HOME","OPENPLAY","RIGHTFOOT",NA,"OWU",NA,"SHORT PASS","LEFT","MIDDLE","COUNTER",2022,0,0,"SIDE"
"276",7,6,"MISSED",31.43,40.59,"FIRESTONE","HOME","OPENPLAY","RIGHTFOOT","DOMINANT","KALAMAZOO","KING","SHORT PASS","LEFT","MIDDLE","COUNTER",2022,0,0,"SIDE"
"277",7,41,"BLOCKED",88.56,29.35,"OPP","HOME","FREEKICK","LEFTFOOT",NA,"OBERLIN",NA,NA,"MIDDLE","OFFENSIVE","RESTART",2022,0,0,"MIDDLE"
"278",7,35,"MISSED",32.45,25.17,"KING","HOME","OPENPLAY","RIGHTFOOT","DOMINANT","ROSE-HULMAN","GOTTRON","SHORT PASS","LEFT","MIDDLE","POSSESSION",2022,0,0,"SIDE"
"279",7,58,"SAVED",37.52,40.44,"W. SHAFFER","HOME","OPENPLAY","LEFTFOOT","DOMINANT","KALAMAZOO","LOCKE","SHORT PASS","RIGHT","MIDDLE","POSSESSION",2022,0,0,"SIDE"
"280",7,27,"MISSED",30.27,29.13,"W. SHAFFER","HOME","OPENPLAY","RIGHTFOOT","NONDOMINANT","ROSE-HULMAN",NA,NA,"MIDDLE","OFFENSIVE","POOR CLEARANCE",2022,0,0,"MIDDLE"
"281",7,51,"MISSED",86.54,25.02,"OPP","HOME","OPENPLAY","RIGHTFOOT",NA,"ROSE-HULMAN",NA,"SHORT PASS","MIDDLE","OFFENSIVE","POSSESSION",2022,0,0,"MIDDLE"
"282",7,28,"SAVED",87.4,73.63,"OPP","AWAY","OPENPLAY","LEFTFOOT",NA,"JOHN CARROLL",NA,"SHORT PASS","LEFT","MIDDLE","POSSESSION",2022,0,0,"SIDE"
"283",7,72,"SAVED",85.07,10.5,"OPP","AWAY","OPENPLAY","RIGHTFOOT",NA,"KENYON",NA,NA,"RIGHT","MIDDLE","COUNTER",2022,0,0,"SIDE"
"284",7,27,"MISSED",91.57,29.93,"OPP","HOME","OPENPLAY","RIGHTFOOT",NA,"OBERLIN",NA,"SHORT PASS","LEFT","MIDDLE","COUNTER",2022,0,0,"SIDE"
"285",7,17,"MISSED",35.03,40.47,"W. SHAFFER","AWAY","OPENPLAY","RIGHTFOOT","NONDOMINANT","MOUNT UNION","PARKER","SHORT PASS","LEFT","OFFENSIVE","COUNTER",2022,0,0,"SIDE"
"286",7,27,"BLOCKED",30.08,41.71,"W. SHAFFER","HOME","CORNER","LEFTFOOT","DOMINANT","OBERLIN","KING","SHORT PASS","RIGHT","OFFENSIVE","RESTART",2022,0,0,"SIDE"
"287",7,87,"SAVED",86.63,41.86,"OPP","AWAY","OPENPLAY","RIGHTFOOT",NA,"JOHN CARROLL",NA,NA,"MIDDLE","MIDDLE","COUNTER",2022,0,0,"MIDDLE"
"288",7,47,"SAVED",28.98,28.97,"W. SHAFFER","HOME","OPENPLAY","RIGHTFOOT","NONDOMINANT","ROSE-HULMAN",NA,NA,"MIDDLE","OFFENSIVE","POOR CLEARANCE",2022,0,0,"MIDDLE"
"289",7,7,"SAVED",33.77,50.8,"KING","HOME","OPENPLAY","RIGHTFOOT","DOMINANT","NORTH PARK","W. SHAFFER","SHORT PASS","RIGHT","MIDDLE","COUNTER",2022,0,0,"SIDE"
"290",8,4,"MISSED",104.38,65.7,"OPP","HOME","OPENPLAY","LEFTFOOT",NA,"ROSE-HULMAN",NA,"SHORT PASS","LEFT","MIDDLE","COUNTER",2022,0,0,"SIDE"
"291",8,6,"SAVED",103.08,71.77,"OPP","AWAY","OPENPLAY","LEFTFOOT",NA,"OTTERBEIN",NA,"SHORT PASS","LEFT","MIDDLE","POSSESSION",2022,0,0,"SIDE"
"292",8,3,"BLOCKED",103.6,12.87,"OPP","AWAY","THROW-IN","RIGHTFOOT",NA,"WILMINGTON OAC SEMI",NA,"THROW-IN","RIGHT","OFFENSIVE","THROW-IN",2022,0,0,"SIDE"
"293",8,88,"SAVED",94.66,15.33,"LOCKE","HOME","OPENPLAY","RIGHTFOOT","DOMINANT","NORTH PARK","W. SHAFFER","SHORT PASS","RIGHT","MIDDLE","COUNTER",2022,0,0,"SIDE"
"294",8,24,"SAVED",16.54,6.14,"KING","AWAY","FREEKICK","RIGHTFOOT","DOMINANT","OTTERBEIN",NA,NA,"LEFT","OFFENSIVE","RESTART",2022,0,0,"SIDE"
"295",8,22,"SAVED",116.86,66.63,"OPP","AWAY","OPENPLAY","LEFTFOOT",NA,"MT. ALOYSIUS NCAA",NA,"SHORT PASS","MIDDLE","MIDDLE","COUNTER",2022,0,0,"MIDDLE"
