zone,Minute,Result,X,Y,player,h_a,situation,shotType,domVSnondom,Opponent,playerAssist,typeOfAssist,sideOfAttack,PossesionWon,typeOfAttack,year,goals.x,goals.y,sideOfAttackGrouped,Team,Game,GK,net_x,net_y,PSxG
1,19,SAVED,4.38,37.65,PLAYER 10,AWAY,CORNER,HEADER,*,OPPONENT 5,W. SHAFFER,CROSSINAIR,RIGHT,OFFENSIVE,RESTART,2022,0,0.5559719075147489,SIDE,TEAM,2022 - OPPONENT 5 - AWAY,GK,1.19,1.19,0.9304259407179617
1,80,MISSED,114.48,39.47,PLAYER 16,AWAY,OPENPLAY,HEADER,,OPPONENT 9,,CROSSINAIR,RIGHT,DEFENSIVE,POSSESSION,2022,0,0.43621307437656676,SIDE,OPPONENT,2022 - OPPONENT 9 - AWAY,GK,-15.8,11.86,0.01
1,65,MISSED,116.86,36,PLAYER 16,AWAY,CORNER,HEADER,,OPPONENT 6,,CROSSINAIR,LEFT,OFFENSIVE,RESTART,2022,0,0.6435824169069022,SIDE,OPPONENT,2022 - OPPONENT 6 - AWAY,GK,7.69,5.63,0.9348194619300204
1,54,SAVED,5.54,36.71,PLAYER 9,HOME,THROW-IN,HEADER,*,OPPONENT 12,ZEBRAK,OTHER,RIGHT,OFFENSIVE,THROW-IN,2022,0,0.45958929123588993,SIDE,TEAM,2022 - OPPONENT 12 - HOME,GK,-8.6,0.69,0.9582167928578337
1,51,SAVED,5.03,39.5,PLAYER 10,AWAY,CORNER,HEADER,,OPPONENT 2,W. SHAFFER,CROSSINAIR,RIGHT,OFFENSIVE,RESTART,2022,0,0.46725508438446356,SIDE,TEAM,2022 - OPPONENT 2 - AWAY,GK,1.15,1.28,0.9283361634084585
1,90,BLOCKED,115.56,43.12,PLAYER 16,AWAY,CORNER,HEADER,,OPPONENT 2,,CROSSINAIR,LEFT,OFFENSIVE,RESTART,2022,0,0.30433451654933763,SIDE,OPPONENT,2022 - OPPONENT 2 - AWAY,GK,8.68,1.69,0.9476397343284587
1,44,MISSED,4.39,42.81,PLAYER 6,AWAY,CORNER,HEADER,,OPPONENT 2,W. SHAFFER,CROSSINAIR,RIGHT,OFFENSIVE,RESTART,2022,0,0.3223581822420037,SIDE,TEAM,2022 - OPPONENT 2 - AWAY,GK,5.03,11.98,0.01
1,43,MISSED,115.97,39.47,PLAYER 16,AWAY,OPENPLAY,HEADER,,OPPONENT 14,,CROSSINAIR,LEFT,MIDDLE,RESTART,2022,0,0.5432684659672334,SIDE,OPPONENT,2022 - OPPONENT 14 - AWAY,GK,-12.94,5.23,0.01
1,84,GOAL,117.25,42.12,PLAYER 16,AWAY,THROW-IN,LEFTVOLLEY,,OPPONENT 5,,OTHER,RIGHT,OFFENSIVE,THROW-IN,2022,1,0.4056821177238742,SIDE,OPPONENT,2022 - OPPONENT 5 - AWAY,GK,-17.53,10.02,0.01
1,79,MISSED,4.47,43.29,PLAYER 23,AWAY,CORNER,HEADER,*,OPPONENT 9,W. SHAFFER,CROSSINAIR,RIGHT,OFFENSIVE,RESTART,2022,0,0.2949890961911753,SIDE,TEAM,2022 - OPPONENT 9 - AWAY,GK,-14.37,2.73,0.01
1,41,GOAL,114.92,44,PLAYER 16,HOME,CORNER,HEADER,,OPPONENT 12,,CROSSINAIR,LEFT,OFFENSIVE,RESTART,2022,1,0.2564422448522349,SIDE,OPPONENT,2022 - OPPONENT 12 - HOME,GK,-16.61,3.97,0.01
1,33,GOAL,114.75,40.76,PLAYER 16,AWAY,THROW-IN,RIGHTVOLLEY,,OPPONENT 2,,CROSSINAIR,RIGHT,OFFENSIVE,THROW-IN,2022,1,0.40306760316697715,SIDE,OPPONENT,2022 - OPPONENT 2 - AWAY,GK,10.63,4.33,0.9450873421272282
1,89,GOAL,117.8,36.87,PLAYER 16,AWAY,OPENPLAY,RIGHTVOLLEY,,OPPONENT 9,,CROSSONGROUND,RIGHT,MIDDLE,POSSESSION,2022,1,0.7614263051518191,SIDE,OPPONENT,2022 - OPPONENT 9 - AWAY,GK,-0.55,1.32,0.9269118480536519
1,70,MISSED,113.09,38.26,PLAYER 16,HOME,OPENPLAY,LEFTVOLLEY,,OPPONENT 13,,CROSSINAIR,LEFT,MIDDLE,RESTART,2022,0,0.3760973061998049,SIDE,OPPONENT,2022 - OPPONENT 13 - HOME,GK,-5.12,9.76,0.01
1,69,GOAL,115.82,40.23,PLAYER 16,AWAY,FREEKICK,RIGHTFOOT,,OPPONENT 14,,CROSSONGROUND,RIGHT,OFFENSIVE,RESTART,2022,1,0.49314140015537017,SIDE,OPPONENT,2022 - OPPONENT 14 - AWAY,GK,3.75,5.82,0.914727262413845
1,57,GOAL,114.93,41.74,PLAYER 16,HOME,OPENPLAY,RIGHTFOOT,,OPPONENT 13,,SHORT PASS,RIGHT,DEFENSIVE,DEFLECTED SHOT,2022,1,0.3629799819204586,SIDE,OPPONENT,2022 - OPPONENT 13 - HOME,GK,-7.51,9.07,0.01
1,60,GOAL,2.65,36.89,PLAYER 21,AWAY,OPENPLAY,RIGHTFOOT,DOMINANT,OPPONENT 4,KERN,CROSSONGROUND,LEFT,DEFENSIVE,COUNTER,2022,1,0.7171007843795293,SIDE,TEAM,2022 - OPPONENT 4 - AWAY,GK,-6.16,2.22,0.9276480692967319
1,19,GOAL,2.7,42.25,PLAYER 8,HOME,OPENPLAY,RIGHTFOOT,DOMINANT,OPPONENT 8,SOMMERFELD,CROSSONGROUND,RIGHT,DEFENSIVE,POSSESSION,2022,1,0.3925890128482286,SIDE,TEAM,2022 - OPPONENT 8 - HOME,GK,16.19,6.25,0.01
1,58,SAVED,114.48,37.21,PLAYER 16,HOME,FREEKICK,RIGHTFOOT,,OPPONENT 13,,OTHER,MIDDLE,MIDDLE,LONG BALL,2022,0,0.4652307121135125,MIDDLE,OPPONENT,2022 - OPPONENT 13 - HOME,GK,15.34,6.14,0.01
1,79,GOAL,5.08,39.06,PLAYER 23,HOME,FREEKICK,LEFTFOOT,NONDOMINANT,OPPONENT 12,,,RIGHT,OFFENSIVE,RESTART,2022,1,0.4772100513186397,SIDE,TEAM,2022 - OPPONENT 12 - HOME,GK,-10.44,5.43,0.9486718464138202
1,72,GOAL,117.72,42.94,PLAYER 16,HOME,OPENPLAY,LEFTFOOT,,OPPONENT 7,,CROSSONGROUND,RIGHT,DEFENSIVE,POSSESSION,2022,1,0.32141294160282224,SIDE,OPPONENT,2022 - OPPONENT 7 - HOME,GK,12.21,0.51,0.01
2,21,SAVED,114.92,31.76,PLAYER 16,AWAY,CORNER,HEADER,,OPPONENT 5,,CROSSINAIR,LEFT,OFFENSIVE,RESTART,2022,0,0.28881537795686585,SIDE,OPPONENT,2022 - OPPONENT 5 - AWAY,GK,17.61,11.94,0.01
2,78,SAVED,4.15,31.76,PLAYER 24,HOME,THROW-IN,HEADER,*,OPPONENT 12,LOCKE,THROW-IN,LEFT,OFFENSIVE,THROW-IN,2022,0,0.301230048364795,SIDE,TEAM,2022 - OPPONENT 12 - HOME,GK,-3.88,1.2,0.9358057280299621
2,6,MISSED,4.4,46.51,PLAYER 24,HOME,CORNER,HEADER,,OPPONENT 8,KING,CROSSINAIR,LEFT,OFFENSIVE,RESTART,2022,0,0.17818235285514547,SIDE,TEAM,2022 - OPPONENT 8 - HOME,GK,11.68,6.48,0.9614185208467019
2,86,MISSED,114.63,45.88,PLAYER 16,AWAY,THROW-IN,HEADER,,OPPONENT 9,,THROW-IN,LEFT,OFFENSIVE,THROW-IN,2022,0,0.19412081181817104,SIDE,OPPONENT,2022 - OPPONENT 9 - AWAY,GK,3.71,10.53,0.01
2,5,MISSED,5.04,45.73,PLAYER 6,HOME,CORNER,HEADER,*,OPPONENT 11,KING,CROSSINAIR,LEFT,OFFENSIVE,RESTART,2022,0,0.19876085770901544,SIDE,TEAM,2022 - OPPONENT 11 - HOME,GK,-11.46,5.83,0.9561651301220808
2,9,MISSED,3.92,33.65,PLAYER 2,AWAY,CORNER,RIGHTVOLLEY,DOMINANT,OPPONENT 9,,CROSSINAIR,LEFT,OFFENSIVE,RESTART,2022,0,0.43426536101671365,SIDE,TEAM,2022 - OPPONENT 9 - AWAY,GK,6.31,8.35,0.01
2,74,MISSED,116.29,32.74,PLAYER 16,AWAY,CORNER,HEADER,,OPPONENT 9,,CROSSINAIR,LEFT,OFFENSIVE,RESTART,2022,0,0.3726065674910508,SIDE,OPPONENT,2022 - OPPONENT 9 - AWAY,GK,17.61,11.95,0.01
2,18,SAVED,4.89,48.08,PLAYER 6,HOME,FREEKICK,HEADER,*,OPPONENT 10,W. SHAFFER,CROSSINAIR,MIDDLE,MIDDLE,RESTART,2022,0,0.14756574945410042,MIDDLE,TEAM,2022 - OPPONENT 10 - HOME,GK,-8.65,6,0.9441795699044041
2,15,GOAL,5.33,50.13,PLAYER 10,HOME,OPENPLAY,HEADER,*,OPPONENT 7,KERN,CROSSINAIR,LEFT,DEFENSIVE,POSSESSION,2022,1,0.11868335124933019,SIDE,TEAM,2022 - OPPONENT 7 - HOME,GK,4.22,8.21,0.01
2,17,SAVED,114.59,50.53,PLAYER 16,AWAY,CORNER,HEADER,,OPPONENT 4,,CROSSINAIR,RIGHT,MIDDLE,RESTART,2022,0,0.11404560400300999,SIDE,OPPONENT,2022 - OPPONENT 4 - AWAY,GK,-10.58,10.08,0.01
2,33,MISSED,4.17,48.52,PLAYER 24,HOME,CORNER,RIGHTVOLLEY,DOMINANT,OPPONENT 3,,,RIGHT,OFFENSIVE,RESTART,2022,0,0.13891060486052312,SIDE,TEAM,2022 - OPPONENT 3 - HOME,GK,-0.97,11.94,0.01
2,48,BLOCKED,117.5,49.74,PLAYER 16,AWAY,OPENPLAY,RIGHTFOOT,,OPPONENT 2,,CROSSINAIR,LEFT,OFFENSIVE,RESTART,2022,0,0.11616890500731109,SIDE,OPPONENT,2022 - OPPONENT 2 - AWAY,GK,8.39,2.02,0.9426389596394847
2,62,GOAL,4.07,34.54,PLAYER 18,HOME,OPENPLAY,RIGHTFOOT,DOMINANT,OPPONENT 1,KERN,CROSSONGROUND,LEFT,DEFENSIVE,POSSESSION,2022,1,0.48689975721286827,SIDE,TEAM,2022 - OPPONENT 1 - HOME,GK,-5.53,4.63,0.9073590213442675
2,58,BLOCKED,114.82,33.13,PLAYER 16,HOME,OPENPLAY,RIGHTFOOT,,OPPONENT 13,,CROSSONGROUND,RIGHT,MIDDLE,RESTART,2022,0,0.3525603999776128,SIDE,OPPONENT,2022 - OPPONENT 13 - HOME,GK,-11.21,1.55,0.9594523316543736
2,34,BLOCKED,117.81,47.26,PLAYER 16,AWAY,OPENPLAY,RIGHTFOOT,,OPPONENT 4,,,LEFT,DEFENSIVE,LONG BALL,2022,0,0.1475912259752615,SIDE,OPPONENT,2022 - OPPONENT 4 - AWAY,GK,-10.57,8.34,0.01
2,107,SAVED,4.33,31.63,PLAYER 20,HOME,CORNER,RIGHTFOOT,DOMINANT,OPPONENT 14,,CROSSINAIR,RIGHT,OFFENSIVE,RESTART,2022,0,0.2923707600044115,SIDE,TEAM,2022 - OPPONENT 14 - HOME,GK,14.77,9.99,0.01
2,76,MISSED,6.17,51.87,PLAYER 1,HOME,OPENPLAY,RIGHTFOOT,DOMINANT,OPPONENT 8,PARKER,CROSSONGROUND,RIGHT,OFFENSIVE,COUNTER,2022,0,0.10012278291583933,SIDE,TEAM,2022 - OPPONENT 8 - HOME,GK,9.62,6.95,0.9579131096080211
3,37,MISSED,11.11,34.59,PLAYER 2,HOME,OPENPLAY,HEADER,*,OPPONENT 12,J. GRANT,CROSSINAIR,RIGHT,DEFENSIVE,POSSESSION,2022,0,0.20854270389205587,SIDE,TEAM,2022 - OPPONENT 12 - HOME,GK,-3.45,10.35,0.01
3,68,MISSED,112.69,46.56,PLAYER 16,AWAY,THROW-IN,HEADER,,OPPONENT 14,,THROW-IN,LEFT,OFFENSIVE,THROW-IN,2022,0,0.17005320858412898,SIDE,OPPONENT,2022 - OPPONENT 14 - AWAY,GK,-4.38,11.92,0.01
3,79,BLOCKED,13.98,46.19,PLAYER 8,AWAY,CORNER,LEFTVOLLEY,NONDOMINANT,OPPONENT 9,,,RIGHT,OFFENSIVE,RESTART,2022,0,0.11703660202861121,SIDE,TEAM,2022 - OPPONENT 9 - AWAY,GK,-2.68,5.33,0.8966698965103578
3,26,SAVED,6.78,42.5,PLAYER 6,HOME,CORNER,HEADER,,OPPONENT 8,KING,CROSSINAIR,RIGHT,OFFENSIVE,RESTART,2022,0,0.2810078527693897,SIDE,TEAM,2022 - OPPONENT 8 - HOME,GK,0.38,0.29,0.9478096754228257
3,41,MISSED,11.78,43.55,PLAYER 12,AWAY,CORNER,HEADER,,OPPONENT 13,,CROSSINAIR,RIGHT,OFFENSIVE,RESTART,2022,0,0.16539779944909241,SIDE,TEAM,2022 - OPPONENT 13 - AWAY,GK,14.13,0.24,0.01
3,29,MISSED,8.19,31.95,PLAYER 9,HOME,THROW-IN,HEADER,*,OPPONENT 1,W. SHAFFER,CROSSINAIR,RIGHT,OFFENSIVE,THROW-IN,2022,0,0.2347598184406791,SIDE,TEAM,2022 - OPPONENT 1 - HOME,GK,2.59,2.75,0.893946826818321
3,60,BLOCKED,16.64,30.45,PLAYER 15,HOME,THROW-IN,LEFTVOLLEY,DOMINANT,OPPONENT 3,,,RIGHT,OFFENSIVE,THROW-IN,2022,0,0.10341446050791551,SIDE,TEAM,2022 - OPPONENT 3 - HOME,GK,5.47,2.15,0.9247792247218447
3,15,BLOCKED,16.92,46.35,PLAYER 6,AWAY,OPENPLAY,RIGHTVOLLEY,DOMINANT,OPPONENT 5,ZEBRAK,OTHER,MIDDLE,MIDDLE,LONG BALL,2022,0,0.09252915417131055,MIDDLE,TEAM,2022 - OPPONENT 5 - AWAY,GK,13.46,10.93,0.01
3,88,MISSED,11.18,47.92,PLAYER 20,HOME,OPENPLAY,HEADER,,OPPONENT 6,,CROSSINAIR,LEFT,DEFENSIVE,RESTART,2022,0,0.12405239079336186,SIDE,TEAM,2022 - OPPONENT 6 - HOME,GK,10.33,0.49,0.9651402747961906
3,52,MISSED,6.74,32.14,PLAYER 24,AWAY,OPENPLAY,HEADER,,OPPONENT 4,W. SHAFFER,CROSSINAIR,MIDDLE,MIDDLE,RESTART,2022,0,0.27055974822067796,MIDDLE,TEAM,2022 - OPPONENT 4 - AWAY,GK,-6.56,1.91,0.9345446603460524
3,48,SAVED,109.33,41.04,PLAYER 16,AWAY,OPENPLAY,HEADER,,OPPONENT 4,,CROSSINAIR,LEFT,OFFENSIVE,RESTART,2022,0,0.212581010479083,SIDE,OPPONENT,2022 - OPPONENT 4 - AWAY,GK,14.85,5.52,0.01
3,44,MISSED,8.56,42.35,PLAYER 19,HOME,FREEKICK,HEADER,*,OPPONENT 12,GERVERS,LONG BALL,MIDDLE,MIDDLE,RESTART,2022,0,0.24169938676745176,MIDDLE,TEAM,2022 - OPPONENT 12 - HOME,GK,8.9,10.2,0.01
3,33,SAVED,9.1,45.88,PLAYER 10,HOME,CORNER,RIGHTVOLLEY,DOMINANT,OPPONENT 3,,,RIGHT,OFFENSIVE,RESTART,2022,0,0.16747173232730173,SIDE,TEAM,2022 - OPPONENT 3 - HOME,GK,-2.07,7.87,0.9514715997524987
3,19,MISSED,113.88,45.81,PLAYER 16,HOME,FREEKICK,HEADER,,OPPONENT 13,,CROSSINAIR,RIGHT,OFFENSIVE,RESTART,2022,0,0.19300425229091728,SIDE,OPPONENT,2022 - OPPONENT 13 - HOME,GK,-11.22,3.4,0.9491041865120847
3,30,MISSED,7.67,43.75,PLAYER 24,HOME,FREEKICK,HEADER,,OPPONENT 8,FIRESTONE,CROSSINAIR,LEFT,MIDDLE,RESTART,2022,0,0.2279595720334166,SIDE,TEAM,2022 - OPPONENT 8 - HOME,GK,-13.37,6.73,0.01
3,4,GOAL,14.6,48,PLAYER 17,AWAY,FREEKICK,HEADER,*,OPPONENT 5,W. SHAFFER,CROSSINAIR,LEFT,MIDDLE,RESTART,2022,1,0.0994844775391007,SIDE,TEAM,2022 - OPPONENT 5 - AWAY,GK,-15.85,1.63,0.01
3,19,GOAL,112.79,40.73,PLAYER 16,HOME,CORNER,HEADER,,OPPONENT 7,,CROSSINAIR,RIGHT,OFFENSIVE,RESTART,2022,1,0.3185975981243513,SIDE,OPPONENT,2022 - OPPONENT 7 - HOME,GK,15.25,4.52,0.01
3,12,MISSED,6.75,34.21,PLAYER 20,HOME,OPENPLAY,HEADER,*,OPPONENT 7,SUNDERMANN,CROSSINAIR,RIGHT,OFFENSIVE,RESTART,2022,0,0.33484343078315904,SIDE,TEAM,2022 - OPPONENT 7 - HOME,GK,2.08,11.57,0.01
3,72,MISSED,109.6,42.06,PLAYER 16,HOME,CORNER,HEADER,,OPPONENT 10,,CROSSINAIR,RIGHT,OFFENSIVE,RESTART,2022,0,0.20642198440990614,SIDE,OPPONENT,2022 - OPPONENT 10 - HOME,GK,-5.66,4.57,0.9080297368908815
3,105,MISSED,112.39,46.87,PLAYER 16,AWAY,OPENPLAY,HEADER,,OPPONENT 14,,CROSSINAIR,RIGHT,MIDDLE,RESTART,2022,0,0.16259060762293304,SIDE,OPPONENT,2022 - OPPONENT 14 - AWAY,GK,4.28,5.86,0.9183733280654347
3,65,GOAL,7.07,41.18,PLAYER 18,HOME,OPENPLAY,HEADER,*,OPPONENT 3,SOMMERFELD,OTHER,MIDDLE,OFFENSIVE,DEFLECTED SHOT,2022,1,0.31189421452383875,MIDDLE,TEAM,2022 - OPPONENT 3 - HOME,GK,1.58,9.15,0.01
3,75,MISSED,9.82,40.88,PLAYER 19,HOME,CORNER,HEADER,*,OPPONENT 3,PARKER,CROSSINAIR,RIGHT,OFFENSIVE,RESTART,2022,0,0.23472940213912288,SIDE,TEAM,2022 - OPPONENT 3 - HOME,GK,-6.93,6.53,0.9426258554558918
3,78,MISSED,12.14,43.23,PLAYER 19,HOME,FREEKICK,HEADER,*,OPPONENT 3,KING,CROSSINAIR,RIGHT,MIDDLE,RESTART,2022,0,0.1634151528764978,SIDE,TEAM,2022 - OPPONENT 3 - HOME,GK,-9.33,0.51,0.9621712038689277
3,84,MISSED,15.7,43.6,PLAYER 3,AWAY,OPENPLAY,RIGHTVOLLEY,DOMINANT,OPPONENT 2,KERN,CROSSINAIR,RIGHT,MIDDLE,LONG BALL,2022,0,0.11701118854641737,SIDE,TEAM,2022 - OPPONENT 2 - AWAY,GK,8.11,1.02,0.9529440494565619
3,78,MISSED,101.66,45.06,PLAYER 16,AWAY,CORNER,LEFTVOLLEY,,OPPONENT 2,,,MIDDLE,OFFENSIVE,RESTART,2022,0,0.08769240709086101,MIDDLE,OPPONENT,2022 - OPPONENT 2 - AWAY,GK,9.76,3.08,0.941767774285025
3,77,SAVED,104.81,42.2,PLAYER 16,HOME,FREEKICK,HEADER,,OPPONENT 7,,CROSSINAIR,RIGHT,MIDDLE,RESTART,2022,0,0.12975404095395468,SIDE,OPPONENT,2022 - OPPONENT 7 - HOME,GK,-13.53,3.84,0.01
3,88,MISSED,108.45,43.6,PLAYER 16,AWAY,CORNER,HEADER,,OPPONENT 2,,CROSSINAIR,RIGHT,OFFENSIVE,RESTART,2022,0,0.16818495300674946,SIDE,OPPONENT,2022 - OPPONENT 2 - AWAY,GK,-2.57,9.55,0.01
3,106,BLOCKED,9.1,30.72,PLAYER 24,HOME,CORNER,HEADER,,OPPONENT 6,,CROSSINAIR,RIGHT,OFFENSIVE,RESTART,2022,0,0.19466367511802007,SIDE,TEAM,2022 - OPPONENT 6 - HOME,GK,8.42,5.74,0.9402397405297516
3,70,MISSED,8.77,37.03,PLAYER 3,HOME,CORNER,HEADER,,OPPONENT 8,MARSHALL,CROSSINAIR,RIGHT,OFFENSIVE,RESTART,2022,0,0.29364199372082816,SIDE,TEAM,2022 - OPPONENT 8 - HOME,GK,1.09,6.5,0.9230261982519408
3,22,SAVED,7.07,38.09,PLAYER 24,HOME,CORNER,HEADER,*,OPPONENT 7,W. SHAFFER,CROSSINAIR,RIGHT,OFFENSIVE,RESTART,2022,0,0.3688186913842648,SIDE,TEAM,2022 - OPPONENT 7 - HOME,GK,10.31,9.31,0.01
3,20,SAVED,17.56,41.72,PLAYER 9,HOME,CORNER,HEADER,*,OPPONENT 1,OSCHNER,CROSSINAIR,MIDDLE,OFFENSIVE,RESTART,2022,0,0.10579267045610741,MIDDLE,TEAM,2022 - OPPONENT 1 - HOME,GK,-15.09,3.94,0.01
3,60,SAVED,109.58,49.41,PLAYER 16,AWAY,CORNER,HEADER,,OPPONENT 5,,CROSSINAIR,RIGHT,OFFENSIVE,RESTART,2022,0,0.11344704171826134,SIDE,OPPONENT,2022 - OPPONENT 5 - AWAY,GK,14.71,6.87,0.01
3,29,BLOCKED,8.43,43.21,PLAYER 8,AWAY,OPENPLAY,HEADER,,OPPONENT 2,PARKER,CROSSINAIR,RIGHT,OFFENSIVE,COUNTER,2022,0,0.226586125205981,SIDE,TEAM,2022 - OPPONENT 2 - AWAY,GK,-17.37,10.33,0.01
3,75,BLOCKED,110.5,46.38,PLAYER 16,AWAY,OPENPLAY,RIGHTVOLLEY,,OPPONENT 4,,CROSSINAIR,RIGHT,OFFENSIVE,RESTART,2022,0,0.15611656108614688,SIDE,OPPONENT,2022 - OPPONENT 4 - AWAY,GK,-16.74,6.77,0.01
3,109,MISSED,9.4,44.15,PLAYER 22,HOME,FREEKICK,HEADER,,OPPONENT 14,,CROSSINAIR,RIGHT,MIDDLE,RESTART,2022,0,0.1925225354253891,SIDE,TEAM,2022 - OPPONENT 14 - HOME,GK,2.75,10.95,0.01
3,78,SAVED,107.58,39.85,PLAYER 16,AWAY,PENALTYKICK,RIGHTFOOT,,OPPONENT 5,,,LEFT,MIDDLE,PENALTY,2022,0,0.18458491536152566,SIDE,OPPONENT,2022 - OPPONENT 5 - AWAY,GK,-3.3,11.36,0.01
3,54,GOAL,102.9,33.62,PLAYER 16,AWAY,OPENPLAY,RIGHTFOOT,,OPPONENT 4,,LONG BALL,RIGHT,MIDDLE,LONG BALL,2022,1,0.1114341426816252,SIDE,OPPONENT,2022 - OPPONENT 4 - AWAY,GK,-2.47,4.72,0.8789804649964864
3,19,MISSED,13.88,43.67,PLAYER 21,HOME,OPENPLAY,RIGHTFOOT,DOMINANT,OPPONENT 3,KERN,CROSSONGROUND,RIGHT,DEFENSIVE,POSSESSION,2022,0,0.13676100588242546,SIDE,TEAM,2022 - OPPONENT 3 - HOME,GK,-11.58,1.05,0.9644414927781593
3,10,SAVED,107.71,37.8,PLAYER 16,HOME,OPENPLAY,RIGHTFOOT,,OPPONENT 3,,SHORT PASS,MIDDLE,OFFENSIVE,COUNTER,2022,0,0.19330112610264097,MIDDLE,OPPONENT,2022 - OPPONENT 3 - HOME,GK,12.15,6.28,0.01
3,74,MISSED,100.4,46.3,PLAYER 16,AWAY,OPENPLAY,RIGHTFOOT,,OPPONENT 2,,SHORT PASS,LEFT,MIDDLE,POSSESSION,2022,0,0.07496803823149886,SIDE,OPPONENT,2022 - OPPONENT 2 - AWAY,GK,10.02,5.01,0.9438149466903979
3,88,GOAL,111.38,43.11,PLAYER 16,AWAY,OPENPLAY,RIGHTFOOT,,OPPONENT 4,,CROSSONGROUND,MIDDLE,DEFENSIVE,POSSESSION,2022,1,0.2249974274659247,MIDDLE,OPPONENT,2022 - OPPONENT 4 - AWAY,GK,14.32,0.93,0.01
3,90,GOAL,103.49,47.26,PLAYER 16,AWAY,OPENPLAY,RIGHTFOOT,,OPPONENT 4,,,LEFT,MIDDLE,COUNTER,2022,1,0.09084327876815315,SIDE,OPPONENT,2022 - OPPONENT 4 - AWAY,GK,-6.17,0.3,0.956128007953836
3,93,MISSED,7.16,42.79,PLAYER 9,HOME,OPENPLAY,RIGHTFOOT,DOMINANT,OPPONENT 6,,CROSSINAIR,RIGHT,OFFENSIVE,COUNTER,2022,0,0.2632611997593791,SIDE,TEAM,2022 - OPPONENT 6 - HOME,GK,4.71,9.38,0.01
3,22,BLOCKED,11.13,50.28,PLAYER 21,HOME,OPENPLAY,RIGHTFOOT,DOMINANT,OPPONENT 7,,,RIGHT,OFFENSIVE,COUNTER,2022,0,0.10200882264896269,SIDE,TEAM,2022 - OPPONENT 7 - HOME,GK,6.29,2.02,0.9314600551198393
3,53,GOAL,6.78,39.85,PLAYER 22,HOME,THROW-IN,LEFTFOOT,DOMINANT,OPPONENT 10,SHELTON,SHORT PASS,RIGHT,OFFENSIVE,THROW-IN,2022,1,0.3579212237105474,SIDE,TEAM,2022 - OPPONENT 10 - HOME,GK,-5.06,7.55,0.9514599722126683
3,49,SAVED,16.35,31.63,PLAYER 9,HOME,OPENPLAY,RIGHTFOOT,DOMINANT,OPPONENT 10,PARKER,SHORT PASS,RIGHT,DEFENSIVE,COUNTER,2022,0,0.111584075193478,SIDE,TEAM,2022 - OPPONENT 10 - HOME,GK,-7.84,5.95,0.9394165232854649
3,24,SAVED,7.4,35.06,PLAYER 18,HOME,OPENPLAY,RIGHTFOOT,DOMINANT,OPPONENT 12,W. SHAFFER,CROSSINAIR,LEFT,MIDDLE,COUNTER,2022,0,0.32857103124514625,SIDE,TEAM,2022 - OPPONENT 12 - HOME,GK,-13.16,0.76,0.01
3,93,BLOCKED,17.59,49.73,PLAYER 18,HOME,OPENPLAY,LEFTFOOT,NONDOMINANT,OPPONENT 6,,LONG BALL,LEFT,DEFENSIVE,RESTART,2022,0,0.07277618673326126,SIDE,TEAM,2022 - OPPONENT 6 - HOME,GK,0.83,11.15,0.01
3,12,GOAL,105.83,46.97,PLAYER 16,AWAY,CORNER,RIGHTFOOT,,OPPONENT 4,,,LEFT,OFFENSIVE,RESTART,2022,1,0.10973568679090205,SIDE,OPPONENT,2022 - OPPONENT 4 - AWAY,GK,-7.04,11.78,0.01
3,46,SAVED,7.34,47.57,PLAYER 23,AWAY,OPENPLAY,RIGHTFOOT,DOMINANT,OPPONENT 9,SHELTON,SHORT PASS,MIDDLE,OFFENSIVE,COUNTER,2022,0,0.1521144018942541,MIDDLE,TEAM,2022 - OPPONENT 9 - AWAY,GK,6.48,6.01,0.9329360374040203
3,20,SAVED,15.29,33.65,PLAYER 23,AWAY,OPENPLAY,RIGHTFOOT,DOMINANT,OPPONENT 9,KERN,SHORT PASS,LEFT,MIDDLE,COUNTER,2022,0,0.13233950000930078,SIDE,TEAM,2022 - OPPONENT 9 - AWAY,GK,17.49,0.4,0.01
3,30,SAVED,14.01,45.17,PLAYER 18,HOME,OPENPLAY,RIGHTFOOT,DOMINANT,OPPONENT 1,GOTTRON,CROSSONGROUND,MIDDLE,MIDDLE,COUNTER,2022,0,0.12435979661193276,MIDDLE,TEAM,2022 - OPPONENT 1 - HOME,GK,-17.85,4,0.01
3,78,GOAL,12.3,40,PLAYER 9,HOME,PENALTYKICK,RIGHTFOOT,DOMINANT,OPPONENT 7,,,MIDDLE,OFFENSIVE,PENALTY,2022,1,0.18616641943991,MIDDLE,TEAM,2022 - OPPONENT 7 - HOME,GK,10.57,9.2,0.01
3,85,GOAL,6.78,36.03,PLAYER 8,HOME,OPENPLAY,RIGHTFOOT,DOMINANT,OPPONENT 11,DUGGAN,CROSSONGROUND,MIDDLE,MIDDLE,COUNTER,2022,1,0.3747760736574889,MIDDLE,TEAM,2022 - OPPONENT 11 - HOME,GK,-6.16,3.84,0.910588776688668
3,20,SAVED,110.47,40.29,PLAYER 16,HOME,OPENPLAY,RIGHTFOOT,,OPPONENT 10,,THROUGH BALL,LEFT,DEFENSIVE,POSSESSION,2022,0,0.2497433595128589,SIDE,OPPONENT,2022 - OPPONENT 10 - HOME,GK,14.14,1.15,0.01
3,57,BLOCKED,108.07,38.57,PLAYER 16,HOME,THROW-IN,RIGHTFOOT,,OPPONENT 13,,CROSSINAIR,RIGHT,DEFENSIVE,RESTART,2022,0,0.19988576927446816,SIDE,OPPONENT,2022 - OPPONENT 13 - HOME,GK,-9.68,2.99,0.9417703289631892
3,90,BLOCKED,10.89,37.32,PLAYER 12,AWAY,FREEKICK,RIGHTFOOT,DOMINANT,OPPONENT 13,,CROSSINAIR,LEFT,MIDDLE,RESTART,2022,0,0.22676323240072904,SIDE,TEAM,2022 - OPPONENT 13 - AWAY,GK,-15.66,7.03,0.01
3,35,SAVED,17.15,42.88,PLAYER 3,HOME,OPENPLAY,RIGHTFOOT,DOMINANT,OPPONENT 8,GOTTRON,OTHER,MIDDLE,OFFENSIVE,COUNTER,2022,0,0.10586526885842333,MIDDLE,TEAM,2022 - OPPONENT 8 - HOME,GK,-4.54,5.53,0.9131880756771316
3,78,SAVED,10.05,30.91,PLAYER 13,AWAY,OPENPLAY,RIGHTFOOT,DOMINANT,OPPONENT 9,PARKER,THROUGH BALL,MIDDLE,DEFENSIVE,COUNTER,2022,0,0.183886286590779,MIDDLE,TEAM,2022 - OPPONENT 9 - AWAY,GK,-12.92,5.65,0.01
3,75,BLOCKED,17.74,33.29,PLAYER 18,AWAY,OPENPLAY,RIGHTFOOT,DOMINANT,OPPONENT 13,,SHORT PASS,MIDDLE,OFFENSIVE,COUNTER,2022,0,0.10408025338821346,MIDDLE,TEAM,2022 - OPPONENT 13 - AWAY,GK,-9.36,0.95,0.9579966684965032
3,70,SAVED,13.37,35.03,PLAYER 13,AWAY,OPENPLAY,RIGHTFOOT,DOMINANT,OPPONENT 9,ISRAEL,OTHER,MIDDLE,MIDDLE,COUNTER,2022,0,0.1665703903216844,MIDDLE,TEAM,2022 - OPPONENT 9 - AWAY,GK,-3.21,6.77,0.9333495089402158
3,55,MISSED,9.09,37.86,PLAYER 8,HOME,OPENPLAY,RIGHTFOOT,DOMINANT,OPPONENT 8,SOMMERFELD,CROSSONGROUND,LEFT,OFFENSIVE,COUNTER,2022,0,0.28210850166643525,SIDE,TEAM,2022 - OPPONENT 8 - HOME,GK,3.07,3.89,0.8765578352782468
3,25,MISSED,16.93,38.24,PLAYER 21,HOME,OPENPLAY,LEFTFOOT,NONDOMINANT,OPPONENT 7,KING,CROSSINAIR,LEFT,OFFENSIVE,COUNTER,2022,0,0.11922036118113429,SIDE,TEAM,2022 - OPPONENT 7 - HOME,GK,-7.71,4.77,0.9268313833002924
3,25,GOAL,6.7,37.96,PLAYER 9,AWAY,OPENPLAY,LEFTFOOT,NONDOMINANT,OPPONENT 2,WINCHESTER,CROSSINAIR,RIGHT,MIDDLE,COUNTER,2022,1,0.38955228919976803,SIDE,TEAM,2022 - OPPONENT 2 - AWAY,GK,-1.88,1.91,0.9140150617038572
3,14,BLOCKED,16.5,36.09,PLAYER 9,HOME,OPENPLAY,RIGHTFOOT,DOMINANT,OPPONENT 8,KERN,SHORT PASS,LEFT,OFFENSIVE,COUNTER,2022,0,0.12370840643015321,SIDE,TEAM,2022 - OPPONENT 8 - HOME,GK,11.14,6.05,0.9562516483804671
3,57,SAVED,111.36,51.16,PLAYER 16,AWAY,OPENPLAY,RIGHTFOOT,,OPPONENT 2,,SHORT PASS,MIDDLE,MIDDLE,COUNTER,2022,0,0.10308666963182428,MIDDLE,OPPONENT,2022 - OPPONENT 2 - AWAY,GK,-14.84,1.49,0.01
3,80,GOAL,107.58,39.85,PLAYER 16,AWAY,PENALTYKICK,RIGHTFOOT,,OPPONENT 4,,,LEFT,OFFENSIVE,PENALTY,2022,1,0.18458491536152566,SIDE,OPPONENT,2022 - OPPONENT 4 - AWAY,GK,-14.66,11.37,0.01
3,65,MISSED,102.55,32.13,PLAYER 16,AWAY,OPENPLAY,RIGHTFOOT,,OPPONENT 9,,,MIDDLE,OFFENSIVE,POOR CLEARANCE,2022,0,0.10309570123519118,MIDDLE,OPPONENT,2022 - OPPONENT 9 - AWAY,GK,0.75,9.65,0.01
3,77,SAVED,14.17,36.76,PLAYER 9,HOME,OPENPLAY,LEFTFOOT,NONDOMINANT,OPPONENT 6,DUGGAN,SHORT PASS,MIDDLE,OFFENSIVE,RESTART,2022,0,0.15757012994909078,MIDDLE,TEAM,2022 - OPPONENT 6 - HOME,GK,8.17,5.69,0.9382998857261401
3,106,GOAL,107.77,36.15,PLAYER 16,AWAY,OPENPLAY,RIGHTFOOT,,OPPONENT 14,,SHORT PASS,LEFT,DEFENSIVE,COUNTER,2022,1,0.19256268950201405,SIDE,OPPONENT,2022 - OPPONENT 14 - AWAY,GK,3.42,8.28,0.01
3,38,MISSED,7.21,32.66,PLAYER 13,HOME,OPENPLAY,LEFTFOOT,NONDOMINANT,OPPONENT 10,MARSHALL,CROSSONGROUND,RIGHT,MIDDLE,COUNTER,2022,0,0.2748888925548942,SIDE,TEAM,2022 - OPPONENT 10 - HOME,GK,-4.62,11.3,0.01
3,14,MISSED,12.28,33.88,PLAYER 20,AWAY,FREEKICK,RIGHTFOOT,DOMINANT,OPPONENT 5,ZEBRAK,SHORT PASS,MIDDLE,MIDDLE,RESTART,2022,0,0.17936906095189925,MIDDLE,TEAM,2022 - OPPONENT 5 - AWAY,GK,9.93,8.36,0.01
3,68,BLOCKED,103.01,36.1,PLAYER 16,AWAY,THROW-IN,RIGHTFOOT,,OPPONENT 9,,SHORT PASS,LEFT,OFFENSIVE,THROW-IN,2022,0,0.11791768069227863,SIDE,OPPONENT,2022 - OPPONENT 9 - AWAY,GK,-11.47,3.83,0.9497643426016401
3,6,GOAL,12.23,35.7,PLAYER 8,HOME,OPENPLAY,RIGHTFOOT,DOMINANT,OPPONENT 14,KING,SHORT PASS,RIGHT,DEFENSIVE,RESTART,2022,1,0.19093219075534568,SIDE,TEAM,2022 - OPPONENT 14 - HOME,GK,13.63,5.74,0.01
3,11,GOAL,11.41,50.23,PLAYER 20,AWAY,OPENPLAY,RIGHTFOOT,DOMINANT,OPPONENT 4,SOMMERFELD,CROSSONGROUND,RIGHT,MIDDLE,LONG BALL,2022,1,0.10113872001604433,SIDE,TEAM,2022 - OPPONENT 4 - AWAY,GK,9.4,1.97,0.9481770848091579
3,52,GOAL,110.35,35.54,PLAYER 16,HOME,OPENPLAY,RIGHTFOOT,,OPPONENT 1,,THROUGH BALL,RIGHT,DEFENSIVE,COUNTER,2022,1,0.25467387649519135,SIDE,OPPONENT,2022 - OPPONENT 1 - HOME,GK,8.69,11.73,0.01
3,53,GOAL,7.03,39.16,PLAYER 9,AWAY,OPENPLAY,RIGHTFOOT,DOMINANT,OPPONENT 9,KERN,CROSSONGROUND,LEFT,MIDDLE,COUNTER,2022,1,0.3591969915327253,SIDE,TEAM,2022 - OPPONENT 9 - AWAY,GK,-1,5.22,0.8852029576813715
3,73,BLOCKED,10.4,50.58,PLAYER 3,HOME,OPENPLAY,RIGHTFOOT,DOMINANT,OPPONENT 3,KING,SHORT PASS,MIDDLE,OFFENSIVE,COUNTER,2022,0,0.10252207050351897,MIDDLE,TEAM,2022 - OPPONENT 3 - HOME,GK,-0.38,11.42,0.01
3,68,BLOCKED,10.84,42.5,PLAYER 3,HOME,THROW-IN,LEFTFOOT,NONDOMINANT,OPPONENT 3,,,LEFT,OFFENSIVE,THROW-IN,2022,0,0.19249338823424622,SIDE,TEAM,2022 - OPPONENT 3 - HOME,GK,14.05,1.06,0.01
3,75,GOAL,113.13,48.15,PLAYER 16,AWAY,OPENPLAY,LEFTFOOT,,OPPONENT 4,,CROSSINAIR,RIGHT,OFFENSIVE,RESTART,2022,1,0.14454090803167932,SIDE,OPPONENT,2022 - OPPONENT 4 - AWAY,GK,-13.13,7.39,0.01
4,83,BLOCKED,109.34,25.56,PLAYER 16,AWAY,OPENPLAY,RIGHTVOLLEY,,OPPONENT 9,,,RIGHT,OFFENSIVE,COUNTER,2022,0,0.11193664208900427,SIDE,OPPONENT,2022 - OPPONENT 9 - AWAY,GK,5.75,8.83,0.01
4,2,SAVED,109.16,53.22,PLAYER 16,HOME,FREEKICK,HEADER,,OPPONENT 3,,LONG BALL,MIDDLE,MIDDLE,RESTART,2022,0,0.08053879052859184,MIDDLE,OPPONENT,2022 - OPPONENT 3 - HOME,GK,17.35,3.54,0.01
4,71,MISSED,0.24,30.23,PLAYER 7,HOME,FREEKICK,HEADER,*,OPPONENT 1,MARSHALL,CROSSINAIR,RIGHT,OFFENSIVE,RESTART,2022,0,0.15192890625885264,SIDE,TEAM,2022 - OPPONENT 1 - HOME,GK,2.86,6.54,0.9275436044799975
4,85,SAVED,8.81,58.07,PLAYER 18,HOME,FREEKICK,HEADER,*,OPPONENT 3,SUNDERMANN,LONG BALL,MIDDLE,OFFENSIVE,RESTART,2022,0,0.0564168355373639,MIDDLE,TEAM,2022 - OPPONENT 3 - HOME,GK,-10.3,3.49,0.9434731336926304
4,3,BLOCKED,103,22.27,PLAYER 16,AWAY,THROW-IN,RIGHTVOLLEY,,OPPONENT 14,,THROW-IN,RIGHT,OFFENSIVE,THROW-IN,2022,0,0.06237155620336877,SIDE,OPPONENT,2022 - OPPONENT 14 - AWAY,GK,7.98,5.16,0.9318636484831555
4,47,SAVED,6.45,28.29,PLAYER 20,AWAY,THROW-IN,RIGHTVOLLEY,DOMINANT,OPPONENT 4,W. SHAFFER,CROSSINAIR,LEFT,OFFENSIVE,THROW-IN,2022,0,0.1715102967614122,SIDE,TEAM,2022 - OPPONENT 4 - AWAY,GK,-16.93,2.37,0.01
4,86,SAVED,101.57,28.13,PLAYER 16,HOME,OPENPLAY,RIGHTVOLLEY,,OPPONENT 8,,OTHER,MIDDLE,OFFENSIVE,COUNTER,2022,0,0.080090506344197,MIDDLE,OPPONENT,2022 - OPPONENT 8 - HOME,GK,-5.99,7.28,0.9499780134397523
4,52,MISSED,102.03,18.8,PLAYER 16,AWAY,THROW-IN,LEFTVOLLEY,,OPPONENT 4,,,RIGHT,OFFENSIVE,THROW-IN,2022,0,0.04670247810269551,SIDE,OPPONENT,2022 - OPPONENT 4 - AWAY,GK,7.92,3.21,0.928540517783887
4,65,MISSED,6.49,28.65,PLAYER 22,HOME,OPENPLAY,LEFTVOLLEY,DOMINANT,OPPONENT 1,,,LEFT,OFFENSIVE,DEFLECTED SHOT,2022,0,0.1788194651011913,SIDE,TEAM,2022 - OPPONENT 1 - HOME,GK,-17.09,10.31,0.01
4,26,MISSED,15.76,29.18,PLAYER 8,HOME,THROW-IN,LEFTVOLLEY,NONDOMINANT,OPPONENT 12,,,RIGHT,OFFENSIVE,THROW-IN,2022,0,0.10427919468214106,SIDE,TEAM,2022 - OPPONENT 12 - HOME,GK,0.94,11.31,0.01
4,79,GOAL,102.17,61.77,PLAYER 16,HOME,CORNER,RIGHTVOLLEY,,OPPONENT 8,,SHORT PASS,LEFT,OFFENSIVE,RESTART,2022,1,0.031715072463305634,SIDE,OPPONENT,2022 - OPPONENT 8 - HOME,GK,9.71,5.55,0.9456296733768523
4,90,SAVED,106.83,27.99,PLAYER 16,AWAY,OPENPLAY,RIGHTVOLLEY,,OPPONENT 2,,,LEFT,OFFENSIVE,POOR CLEARANCE,2022,0,0.11739860454914164,SIDE,OPPONENT,2022 - OPPONENT 2 - AWAY,GK,-0.36,0.54,0.9433063082331811
4,43,BLOCKED,8.75,54,PLAYER 22,AWAY,OPENPLAY,HEADER,,OPPONENT 2,LOCKE,CROSSINAIR,RIGHT,MIDDLE,RESTART,2022,0,0.0797790035470563,SIDE,TEAM,2022 - OPPONENT 2 - AWAY,GK,2.51,6.22,0.9191125231491472
4,2,SAVED,9.66,26.16,PLAYER 8,HOME,OPENPLAY,LEFTFOOT,NONDOMINANT,OPPONENT 1,SOMMERFELD,SHORT PASS,RIGHT,MIDDLE,COUNTER,2022,0,0.12337113481481052,SIDE,TEAM,2022 - OPPONENT 1 - HOME,GK,-17.48,7.92,0.01
4,13,MISSED,102.06,52.48,PLAYER 16,HOME,OPENPLAY,LEFTFOOT,,OPPONENT 11,,LONG BALL,MIDDLE,DEFENSIVE,LONG BALL,2022,0,0.05994290767551299,MIDDLE,OPPONENT,2022 - OPPONENT 11 - HOME,GK,-15.53,6.85,0.01
4,19,BLOCKED,8.19,26.78,PLAYER 8,HOME,OPENPLAY,LEFTFOOT,NONDOMINANT,OPPONENT 1,DUGGAN,THROUGH BALL,MIDDLE,MIDDLE,COUNTER,2022,0,0.13846292661696255,MIDDLE,TEAM,2022 - OPPONENT 1 - HOME,GK,6.22,5.9,0.9298433202503411
4,67,SAVED,109.58,27.29,PLAYER 16,AWAY,OPENPLAY,RIGHTFOOT,,OPPONENT 5,,SHORT PASS,MIDDLE,MIDDLE,COUNTER,2022,0,0.13166503540017516,MIDDLE,OPPONENT,2022 - OPPONENT 5 - AWAY,GK,8.39,11.94,0.01
4,74,BLOCKED,106.1,24.7,PLAYER 16,AWAY,OPENPLAY,RIGHTFOOT,,OPPONENT 5,,CROSSINAIR,LEFT,MIDDLE,POSSESSION,2022,0,0.08839094286995137,SIDE,OPPONENT,2022 - OPPONENT 5 - AWAY,GK,1.78,0.71,0.9410372000384716
4,11,MISSED,105.6,20.82,PLAYER 16,AWAY,OPENPLAY,RIGHTFOOT,,OPPONENT 2,,LONG BALL,RIGHT,DEFENSIVE,LONG BALL,2022,0,0.06451382314603978,SIDE,OPPONENT,2022 - OPPONENT 2 - AWAY,GK,-15.66,4.55,0.01
4,11,SAVED,110.5,54.09,PLAYER 16,AWAY,OPENPLAY,LEFTFOOT,,OPPONENT 4,,CROSSINAIR,RIGHT,OFFENSIVE,COUNTER,2022,0,0.0778130497909582,SIDE,OPPONENT,2022 - OPPONENT 4 - AWAY,GK,0.68,3.34,0.8634497797193612
4,31,BLOCKED,10.46,25.48,PLAYER 8,HOME,OPENPLAY,RIGHTFOOT,DOMINANT,OPPONENT 1,MARSHALL,SHORT PASS,MIDDLE,MIDDLE,COUNTER,2022,0,0.11216321513165006,MIDDLE,TEAM,2022 - OPPONENT 1 - HOME,GK,17.45,9.96,0.01
4,63,BLOCKED,102.49,63.06,PLAYER 16,HOME,OPENPLAY,RIGHTFOOT,,OPPONENT 3,,SHORT PASS,LEFT,DEFENSIVE,LONG BALL,2022,0,0.029260939663091956,SIDE,OPPONENT,2022 - OPPONENT 3 - HOME,GK,-11.17,4.05,0.9480085462733946
4,7,MISSED,107.62,53.96,PLAYER 16,AWAY,OPENPLAY,LEFTFOOT,,OPPONENT 14,,SHORT PASS,MIDDLE,MIDDLE,COUNTER,2022,0,0.07162132297853804,MIDDLE,OPPONENT,2022 - OPPONENT 14 - AWAY,GK,-16.15,7.76,0.01
4,17,BLOCKED,104.66,27.1,PLAYER 16,AWAY,OPENPLAY,RIGHTFOOT,,OPPONENT 4,,CROSSINAIR,RIGHT,MIDDLE,COUNTER,2022,0,0.09514345881116856,SIDE,OPPONENT,2022 - OPPONENT 4 - AWAY,GK,13.72,5.02,0.01
4,59,SAVED,14.88,55.82,PLAYER 20,AWAY,OPENPLAY,RIGHTFOOT,DOMINANT,OPPONENT 9,KERN,THROUGH BALL,MIDDLE,OFFENSIVE,COUNTER,2022,0,0.05581683691034685,MIDDLE,TEAM,2022 - OPPONENT 9 - AWAY,GK,9.28,9.32,0.01
4,34,SAVED,110.5,54.09,PLAYER 16,AWAY,OPENPLAY,RIGHTFOOT,,OPPONENT 4,,SHORT PASS,LEFT,DEFENSIVE,LONG BALL,2022,0,0.0778130497909582,SIDE,OPPONENT,2022 - OPPONENT 4 - AWAY,GK,11.18,5.75,0.9543917829194872
4,57,SAVED,17.56,26.06,PLAYER 8,HOME,OPENPLAY,RIGHTFOOT,DOMINANT,OPPONENT 1,KING,SHORT PASS,MIDDLE,DEFENSIVE,COUNTER,2022,0,0.07641809170140092,MIDDLE,TEAM,2022 - OPPONENT 1 - HOME,GK,6.45,7.31,0.9517286034960144
4,15,MISSED,15.21,28.91,PLAYER 20,HOME,OPENPLAY,RIGHTFOOT,DOMINANT,OPPONENT 14,,,LEFT,MIDDLE,RESTART,2022,0,0.1072229236048423,SIDE,TEAM,2022 - OPPONENT 14 - HOME,GK,-14.26,0.9,0.01
4,65,BLOCKED,18.13,27.06,PLAYER 22,HOME,OPENPLAY,LEFTFOOT,DOMINANT,OPPONENT 1,KERN,CROSSONGROUND,LEFT,DEFENSIVE,POSSESSION,2022,0,0.07754676255110497,SIDE,TEAM,2022 - OPPONENT 1 - HOME,GK,4.37,10.32,0.01
4,80,BLOCKED,8.65,27.66,PLAYER 20,AWAY,THROW-IN,LEFTFOOT,NONDOMINANT,OPPONENT 13,GERVERS,THROW-IN,LEFT,OFFENSIVE,RESTART,2022,0,0.14853994964339443,SIDE,TEAM,2022 - OPPONENT 13 - AWAY,GK,13.69,6.78,0.01
4,43,BLOCKED,12.58,53.37,PLAYER 11,HOME,OPENPLAY,LEFTFOOT,DOMINANT,OPPONENT 10,KING,SHORT PASS,MIDDLE,DEFENSIVE,COUNTER,2022,0,0.07446228107144771,MIDDLE,TEAM,2022 - OPPONENT 10 - HOME,GK,2,10.8,0.01
4,67,SAVED,109.92,23.54,PLAYER 16,AWAY,OPENPLAY,RIGHTFOOT,,OPPONENT 4,,SHORT PASS,MIDDLE,DEFENSIVE,POSSESSION,2022,0,0.09607931669725853,MIDDLE,OPPONENT,2022 - OPPONENT 4 - AWAY,GK,-10.8,9.59,0.01
4,60,MISSED,103,59.84,PLAYER 16,AWAY,CORNER,RIGHTFOOT,,OPPONENT 14,,CROSSINAIR,RIGHT,OFFENSIVE,RESTART,2022,0,0.03781201651649934,SIDE,OPPONENT,2022 - OPPONENT 14 - AWAY,GK,2.24,5.37,0.8953029285877754
4,56,SAVED,11.56,62.62,PLAYER 20,HOME,THROW-IN,RIGHTFOOT,DOMINANT,OPPONENT 10,LOCKE,THROUGH BALL,RIGHT,OFFENSIVE,THROW-IN,2022,0,0.03680247174610391,SIDE,TEAM,2022 - OPPONENT 10 - HOME,GK,5.3,9.26,0.01
4,80,MISSED,12.68,54.11,PLAYER 23,HOME,OPENPLAY,LEFTFOOT,NONDOMINANT,OPPONENT 6,,OTHER,RIGHT,MIDDLE,RESTART,2022,0,0.06992789866944497,SIDE,TEAM,2022 - OPPONENT 6 - HOME,GK,-6.37,11.2,0.01
4,16,BLOCKED,111.65,58.78,PLAYER 16,HOME,OPENPLAY,LEFTFOOT,,OPPONENT 13,,LONG BALL,MIDDLE,DEFENSIVE,LONG BALL,2022,0,0.05358400875549734,MIDDLE,OPPONENT,2022 - OPPONENT 13 - HOME,GK,6.27,9.26,0.01
4,82,BLOCKED,105.4,26.59,PLAYER 16,HOME,OPENPLAY,RIGHTFOOT,,OPPONENT 12,,CROSSONGROUND,LEFT,MIDDLE,LONG BALL,2022,0,0.09678580551598606,SIDE,OPPONENT,2022 - OPPONENT 12 - HOME,GK,-15.99,3.65,0.01
4,14,SAVED,103.2,54.56,PLAYER 16,HOME,OPENPLAY,LEFTFOOT,,OPPONENT 8,,,LEFT,MIDDLE,COUNTER,2022,0,0.05564623991723825,SIDE,OPPONENT,2022 - OPPONENT 8 - HOME,GK,8.89,2.29,0.9425385596904347
4,70,SAVED,106.78,17.76,PLAYER 16,AWAY,OPENPLAY,RIGHTFOOT,,OPPONENT 9,,THROUGH BALL,MIDDLE,MIDDLE,COUNTER,2022,0,0.05355377245353709,MIDDLE,OPPONENT,2022 - OPPONENT 9 - AWAY,GK,9.7,5.78,0.9474405767829311
4,22,MISSED,17.3,24.23,PLAYER 22,HOME,OPENPLAY,LEFTFOOT,DOMINANT,OPPONENT 14,,SHORT PASS,RIGHT,DEFENSIVE,POSSESSION,2022,0,0.06958302197247329,SIDE,TEAM,2022 - OPPONENT 14 - HOME,GK,9.56,9.27,0.01
4,11,SAVED,13.45,19.88,PLAYER 9,HOME,CORNER,RIGHTFOOT,DOMINANT,OPPONENT 11,GERVERS,SHORT PASS,RIGHT,OFFENSIVE,RESTART,2022,0,0.0626071323662114,SIDE,TEAM,2022 - OPPONENT 11 - HOME,GK,17.98,9.23,0.01
4,21,GOAL,112.37,52.94,PLAYER 16,AWAY,OPENPLAY,RIGHTFOOT,,OPPONENT 5,,THROUGH BALL,MIDDLE,DEFENSIVE,COUNTER,2022,1,0.08941784429468043,MIDDLE,OPPONENT,2022 - OPPONENT 5 - AWAY,GK,-2.73,2.9,0.8908708222877372
4,42,SAVED,107.28,27.96,PLAYER 16,HOME,OPENPLAY,RIGHTFOOT,,OPPONENT 7,,THROUGH BALL,MIDDLE,MIDDLE,COUNTER,2022,0,0.1207895564494142,MIDDLE,OPPONENT,2022 - OPPONENT 7 - HOME,GK,-6.28,1.06,0.9459963471887214
4,69,SAVED,17.59,53.5,PLAYER 20,AWAY,OPENPLAY,RIGHTFOOT,DOMINANT,OPPONENT 13,KING,SHORT PASS,RIGHT,MIDDLE,RESTART,2022,0,0.05724980698158468,SIDE,TEAM,2022 - OPPONENT 13 - AWAY,GK,9.42,0.42,0.9632677513640854
4,65,SAVED,12.14,27.37,PLAYER 14,HOME,OPENPLAY,RIGHTFOOT,DOMINANT,OPPONENT 3,PARKER,SHORT PASS,LEFT,MIDDLE,POSSESSION,2022,0,0.1199601153977471,SIDE,TEAM,2022 - OPPONENT 3 - HOME,GK,-12.24,2.95,0.01
4,84,SAVED,105.98,52.75,PLAYER 16,AWAY,OPENPLAY,LEFTFOOT,,OPPONENT 14,,SHORT PASS,RIGHT,OFFENSIVE,COUNTER,2022,0,0.07316224375856242,SIDE,OPPONENT,2022 - OPPONENT 14 - AWAY,GK,-2.05,4.86,0.8791547209321595
4,58,GOAL,7.79,29.78,PLAYER 21,HOME,OPENPLAY,LEFTFOOT,NONDOMINANT,OPPONENT 8,W. SHAFFER,SHORT PASS,MIDDLE,OFFENSIVE,COUNTER,2022,1,0.19294339973597038,MIDDLE,TEAM,2022 - OPPONENT 8 - HOME,GK,-1.82,6.21,0.9169884037589762
4,9,MISSED,104.64,60.14,PLAYER 16,AWAY,OPENPLAY,LEFTFOOT,,OPPONENT 6,,,LEFT,OFFENSIVE,COUNTER,2022,0,0.03957231908768017,SIDE,OPPONENT,2022 - OPPONENT 6 - AWAY,GK,-8.81,10.32,0.01
4,52,GOAL,9.1,27.37,PLAYER 8,HOME,OPENPLAY,RIGHTFOOT,DOMINANT,OPPONENT 11,PARKER,THROUGH BALL,LEFT,DEFENSIVE,POSSESSION,2022,1,0.14156221188559193,SIDE,TEAM,2022 - OPPONENT 11 - HOME,GK,8,11.3,0.01
4,3,SAVED,12,55.57,PLAYER 21,HOME,OPENPLAY,RIGHTFOOT,DOMINANT,OPPONENT 10,PARKER,SHORT PASS,LEFT,MIDDLE,COUNTER,2022,0,0.06383163494247318,SIDE,TEAM,2022 - OPPONENT 10 - HOME,GK,0.75,3.54,0.8560965978403053
5,66,SAVED,5.91,55.13,PLAYER 18,HOME,OPENPLAY,HEADER,*,OPPONENT 7,GERVERS,LONG BALL,MIDDLE,MIDDLE,LONG BALL,2022,0,0.07469970957330589,MIDDLE,TEAM,2022 - OPPONENT 7 - HOME,GK,5.74,8.18,0.01
5,31,MISSED,113.59,57.28,PLAYER 16,AWAY,OPENPLAY,LEFTFOOT,,OPPONENT 14,,SHORT PASS,MIDDLE,MIDDLE,RESTART,2022,0,0.06201524677585113,MIDDLE,OPPONENT,2022 - OPPONENT 14 - AWAY,GK,-13.28,2.31,0.01
5,92,MISSED,118.06,57.43,PLAYER 16,AWAY,OPENPLAY,LEFTFOOT,,OPPONENT 6,,SHORT PASS,RIGHT,DEFENSIVE,RESTART,2022,0,0.05988455653783271,SIDE,OPPONENT,2022 - OPPONENT 6 - AWAY,GK,1.98,5.9,0.9092060169908153
5,35,SAVED,115.53,26.01,PLAYER 16,AWAY,OPENPLAY,RIGHTFOOT,,OPPONENT 9,,THROUGH BALL,MIDDLE,MIDDLE,COUNTER,2022,0,0.13264563688809897,MIDDLE,OPPONENT,2022 - OPPONENT 9 - AWAY,GK,-10.05,9.81,0.01
5,86,MISSED,114.23,52.47,PLAYER 16,AWAY,OPENPLAY,LEFTFOOT,,OPPONENT 5,,CROSSONGROUND,LEFT,MIDDLE,POSSESSION,2022,0,0.09476885396896112,SIDE,OPPONENT,2022 - OPPONENT 5 - AWAY,GK,-7.36,0.16,0.9606411737173025
5,82,MISSED,113.29,60.29,PLAYER 16,AWAY,OPENPLAY,LEFTFOOT,,OPPONENT 6,,SHORT PASS,RIGHT,DEFENSIVE,RESTART,2022,0,0.04817710000977386,SIDE,OPPONENT,2022 - OPPONENT 6 - AWAY,GK,-12.55,9.27,0.01
5,51,SAVED,5.47,51.9,PLAYER 20,HOME,OPENPLAY,RIGHTFOOT,DOMINANT,OPPONENT 3,SOMMERFELD,CROSSONGROUND,RIGHT,DEFENSIVE,POSSESSION,2022,0,0.09992774171880488,SIDE,TEAM,2022 - OPPONENT 3 - HOME,GK,17.41,10.63,0.01
5,32,MISSED,4.31,27.96,PLAYER 21,HOME,OPENPLAY,RIGHTFOOT,DOMINANT,OPPONENT 3,,,LEFT,OFFENSIVE,COUNTER,2022,0,0.16605047621000144,SIDE,TEAM,2022 - OPPONENT 3 - HOME,GK,-13.84,2.03,0.01
5,54,MISSED,115.4,52.78,PLAYER 16,HOME,OPENPLAY,LEFTFOOT,,OPPONENT 7,,SHORT PASS,LEFT,OFFENSIVE,COUNTER,2022,0,0.09170536991728376,SIDE,OPPONENT,2022 - OPPONENT 7 - HOME,GK,-5.81,10.12,0.01
5,28,MISSED,113.88,29.21,PLAYER 16,AWAY,OPENPLAY,RIGHTFOOT,,OPPONENT 14,,SHORT PASS,LEFT,DEFENSIVE,RESTART,2022,0,0.19349301701283658,SIDE,OPPONENT,2022 - OPPONENT 14 - AWAY,GK,8.72,8.01,0.01
6,37,MISSED,99.3,49.25,PLAYER 16,HOME,CORNER,LEFTVOLLEY,,OPPONENT 11,,,LEFT,OFFENSIVE,RESTART,2022,0,0.059885191549733735,SIDE,OPPONENT,2022 - OPPONENT 11 - HOME,GK,-10.76,8.49,0.01
6,86,MISSED,98.44,58.12,PLAYER 16,AWAY,CORNER,RIGHTVOLLEY,,OPPONENT 5,,CROSSINAIR,RIGHT,OFFENSIVE,RESTART,2022,0,0.03380202716995403,SIDE,OPPONENT,2022 - OPPONENT 5 - AWAY,GK,-11.35,10.06,0.01
6,85,BLOCKED,22,58.51,PLAYER 3,HOME,FREEKICK,RIGHTVOLLEY,DOMINANT,OPPONENT 3,,,MIDDLE,MIDDLE,RESTART,2022,0,0.03216267289456001,MIDDLE,TEAM,2022 - OPPONENT 3 - HOME,GK,-16.97,0.05,0.01
6,17,BLOCKED,20.96,37.41,PLAYER 18,HOME,OPENPLAY,RIGHTVOLLEY,DOMINANT,OPPONENT 1,SHELTON,OTHER,MIDDLE,OFFENSIVE,POOR CLEARANCE,2022,0,0.08134211390457699,MIDDLE,TEAM,2022 - OPPONENT 1 - HOME,GK,17.28,5.01,0.01
6,19,GOAL,19.01,38.12,PLAYER 23,AWAY,CORNER,RIGHTVOLLEY,DOMINANT,OPPONENT 5,KING,SHORT PASS,RIGHT,OFFENSIVE,RESTART,2022,1,0.09758380181171196,SIDE,TEAM,2022 - OPPONENT 5 - AWAY,GK,3.35,9.66,0.01
6,86,SAVED,21.42,44.11,PLAYER 18,HOME,OPENPLAY,LEFTVOLLEY,NONDOMINANT,OPPONENT 10,,,RIGHT,OFFENSIVE,COUNTER,2022,0,0.06998300975181293,SIDE,TEAM,2022 - OPPONENT 10 - HOME,GK,-0.72,11.94,0.01
6,68,SAVED,99.04,55.09,PLAYER 16,HOME,OPENPLAY,LEFTVOLLEY,,OPPONENT 1,,LONG BALL,MIDDLE,MIDDLE,LONG BALL,2022,0,0.042327411147047696,MIDDLE,OPPONENT,2022 - OPPONENT 1 - HOME,GK,2.84,9.75,0.01
6,46,SAVED,23.48,30.75,PLAYER 22,AWAY,THROW-IN,LEFTVOLLEY,DOMINANT,OPPONENT 9,,,RIGHT,OFFENSIVE,THROW-IN,2022,0,0.058460530291651235,SIDE,TEAM,2022 - OPPONENT 9 - AWAY,GK,1.81,6.19,0.9164495002247378
6,47,GOAL,21.68,45.17,PLAYER 12,AWAY,OPENPLAY,RIGHTVOLLEY,DOMINANT,OPPONENT 2,,,MIDDLE,OFFENSIVE,DEFLECTED PASS,2022,1,0.06608734427324499,MIDDLE,TEAM,2022 - OPPONENT 2 - AWAY,GK,-14.35,2.65,0.01
6,83,MISSED,99.56,51.48,PLAYER 16,AWAY,OPENPLAY,LEFTVOLLEY,,OPPONENT 2,,CROSSINAIR,RIGHT,OFFENSIVE,POSSESSION,2022,0,0.05414674072278394,SIDE,OPPONENT,2022 - OPPONENT 2 - AWAY,GK,17.85,1.59,0.01
6,30,MISSED,25.07,41.08,PLAYER 9,AWAY,CORNER,RIGHTVOLLEY,DOMINANT,OPPONENT 2,,,RIGHT,OFFENSIVE,RESTART,2022,0,0.05450034083434587,SIDE,TEAM,2022 - OPPONENT 2 - AWAY,GK,-5.53,5.41,0.9177581669436697
6,90,MISSED,98.14,56.74,PLAYER 16,HOME,THROW-IN,RIGHTVOLLEY,,OPPONENT 3,,,LEFT,OFFENSIVE,THROW-IN,2022,0,0.03622580164744898,SIDE,OPPONENT,2022 - OPPONENT 3 - HOME,GK,0.04,0.28,0.9479456282312431
6,25,MISSED,99.16,54.54,PLAYER 16,HOME,OPENPLAY,RIGHTVOLLEY,,OPPONENT 11,,OTHER,RIGHT,DEFENSIVE,POSSESSION,2022,0,0.04409537922971095,SIDE,OPPONENT,2022 - OPPONENT 11 - HOME,GK,-0.7,0.05,0.9518877362303405
6,75,SAVED,23.07,40.33,PLAYER 13,HOME,CORNER,RIGHTVOLLEY,DOMINANT,OPPONENT 8,,,RIGHT,OFFENSIVE,RESTART,2022,0,0.06579036997368932,SIDE,TEAM,2022 - OPPONENT 8 - HOME,GK,-8.43,7.44,0.9590909438701435
6,86,MISSED,100.21,26.26,PLAYER 16,AWAY,OPENPLAY,RIGHTVOLLEY,,OPPONENT 2,,,RIGHT,OFFENSIVE,COUNTER,2022,0,0.06573563798631456,SIDE,OPPONENT,2022 - OPPONENT 2 - AWAY,GK,17.61,5.22,0.01
6,58,SAVED,92.4,29.41,PLAYER 16,AWAY,OPENPLAY,RIGHTVOLLEY,,OPPONENT 5,,,MIDDLE,OFFENSIVE,POOR CLEARANCE,2022,0,0.03984875985171748,MIDDLE,OPPONENT,2022 - OPPONENT 5 - AWAY,GK,-5.8,0.36,0.9544598461446737
6,68,MISSED,25.2,47.77,PLAYER 9,HOME,OPENPLAY,RIGHTFOOT,DOMINANT,OPPONENT 6,,SHORT PASS,MIDDLE,OFFENSIVE,COUNTER,2022,0,0.045160497305627746,MIDDLE,TEAM,2022 - OPPONENT 6 - HOME,GK,-12.29,5.1,0.01
6,70,SAVED,100.53,29.25,PLAYER 16,AWAY,OPENPLAY,LEFTFOOT,,OPPONENT 2,,CROSSINAIR,LEFT,MIDDLE,COUNTER,2022,0,0.07758336884540938,SIDE,OPPONENT,2022 - OPPONENT 2 - AWAY,GK,5,8.66,0.01
6,36,BLOCKED,22.73,27.96,PLAYER 3,HOME,OPENPLAY,LEFTFOOT,NONDOMINANT,OPPONENT 3,KING,SHORT PASS,LEFT,MIDDLE,COUNTER,2022,0,0.05655845537644387,SIDE,TEAM,2022 - OPPONENT 3 - HOME,GK,-11.62,8.83,0.01
6,52,MISSED,21.25,24.62,PLAYER 15,HOME,OPENPLAY,RIGHTFOOT,NONDOMINANT,OPPONENT 1,,,LEFT,DEFENSIVE,LONG BALL,2022,0,0.054303115809548226,SIDE,TEAM,2022 - OPPONENT 1 - HOME,GK,16.7,5.61,0.01
6,91,SAVED,33.24,45.66,PLAYER 9,HOME,OPENPLAY,RIGHTFOOT,DOMINANT,OPPONENT 6,,SHORT PASS,MIDDLE,MIDDLE,RESTART,2022,0,0.024923223230166987,MIDDLE,TEAM,2022 - OPPONENT 6 - HOME,GK,-6.93,5.17,0.9245816336484507
6,22,MISSED,23.45,27.96,PLAYER 8,HOME,OPENPLAY,RIGHTFOOT,DOMINANT,OPPONENT 7,SOMMERFELD,SHORT PASS,MIDDLE,MIDDLE,COUNTER,2022,0,0.053386509070760264,MIDDLE,TEAM,2022 - OPPONENT 7 - HOME,GK,-9.18,8.62,0.01
6,35,MISSED,27.13,63.61,PLAYER 9,HOME,FREEKICK,RIGHTFOOT,DOMINANT,OPPONENT 6,,,LEFT,OFFENSIVE,RESTART,2022,0,0.01749954199895769,SIDE,TEAM,2022 - OPPONENT 6 - HOME,GK,-6.28,8.98,0.01
6,59,SAVED,27.81,31.63,PLAYER 11,HOME,OPENPLAY,LEFTFOOT,DOMINANT,OPPONENT 3,GERVERS,SHORT PASS,MIDDLE,MIDDLE,POSSESSION,2022,0,0.04128317993932713,MIDDLE,TEAM,2022 - OPPONENT 3 - HOME,GK,-13.46,11.6,0.01
6,24,GOAL,19.24,33.88,PLAYER 20,AWAY,OPENPLAY,RIGHTFOOT,DOMINANT,OPPONENT 5,DUGGAN,SHORT PASS,LEFT,OFFENSIVE,POSSESSION,2022,1,0.09195506635529199,SIDE,TEAM,2022 - OPPONENT 5 - AWAY,GK,-7.75,2.9,0.9297412792921484
6,74,BLOCKED,20.13,30.87,PLAYER 18,HOME,OPENPLAY,RIGHTFOOT,DOMINANT,OPPONENT 6,,SHORT PASS,MIDDLE,MIDDLE,COUNTER,2022,0,0.07810501225361673,MIDDLE,TEAM,2022 - OPPONENT 6 - HOME,GK,14.19,3.01,0.01
6,48,SAVED,25.05,55.92,PLAYER 22,AWAY,FREEKICK,LEFTFOOT,DOMINANT,OPPONENT 13,,,RIGHT,OFFENSIVE,RESTART,2022,0,0.031122848743002203,SIDE,TEAM,2022 - OPPONENT 13 - AWAY,GK,6.33,10.67,0.01
6,33,SAVED,19.97,39.27,PLAYER 23,HOME,OPENPLAY,LEFTFOOT,NONDOMINANT,OPPONENT 11,DUGGAN,SHORT PASS,RIGHT,MIDDLE,POSSESSION,2022,0,0.08843566415859475,SIDE,TEAM,2022 - OPPONENT 11 - HOME,GK,-14.8,3.42,0.01
6,8,BLOCKED,21.06,63.57,PLAYER 10,AWAY,OPENPLAY,RIGHTFOOT,DOMINANT,OPPONENT 4,,,RIGHT,OFFENSIVE,COUNTER,2022,0,0.024129838209494138,SIDE,TEAM,2022 - OPPONENT 4 - AWAY,GK,5.18,4.68,0.9046082296153118
6,46,SAVED,19.31,54.97,PLAYER 10,AWAY,OPENPLAY,RIGHTFOOT,DOMINANT,OPPONENT 4,SOMMERFELD,SHORT PASS,RIGHT,OFFENSIVE,COUNTER,2022,0,0.04706026822406666,SIDE,TEAM,2022 - OPPONENT 4 - AWAY,GK,-12.85,6.15,0.01
6,50,MISSED,95.91,26.78,PLAYER 16,HOME,OPENPLAY,LEFTFOOT,,OPPONENT 1,,SHORT PASS,RIGHT,MIDDLE,COUNTER,2022,0,0.048445871389481567,SIDE,OPPONENT,2022 - OPPONENT 1 - HOME,GK,-14.39,11.38,0.01
6,102,SAVED,23.85,45.66,PLAYER 12,HOME,OPENPLAY,RIGHTFOOT,DOMINANT,OPPONENT 6,KING,SHORT PASS,MIDDLE,DEFENSIVE,RESTART,2022,0,0.05426880830269645,MIDDLE,TEAM,2022 - OPPONENT 6 - HOME,GK,14.01,4.31,0.01
6,5,BLOCKED,20.54,30.17,PLAYER 8,HOME,OPENPLAY,LEFTFOOT,NONDOMINANT,OPPONENT 8,SCHIRMER,SHORT PASS,MIDDLE,OFFENSIVE,COUNTER,2022,0,0.07359897456208937,MIDDLE,TEAM,2022 - OPPONENT 8 - HOME,GK,11.39,1.34,0.9616728671954564
6,56,SAVED,24,35.1,PLAYER 8,HOME,OPENPLAY,LEFTFOOT,NONDOMINANT,OPPONENT 6,,THROUGH BALL,MIDDLE,DEFENSIVE,RESTART,2022,0,0.06082668459172621,MIDDLE,TEAM,2022 - OPPONENT 6 - HOME,GK,-7.78,5.72,0.9363837780298551
6,15,MISSED,23.71,37.36,PLAYER 9,HOME,OPENPLAY,RIGHTFOOT,DOMINANT,OPPONENT 14,,SHORT PASS,MIDDLE,MIDDLE,COUNTER,2022,0,0.06322573381314119,MIDDLE,TEAM,2022 - OPPONENT 14 - HOME,GK,7.52,10.43,0.01
6,83,SAVED,91.38,37.36,PLAYER 16,AWAY,OPENPLAY,LEFTFOOT,,OPPONENT 6,,SHORT PASS,RIGHT,MIDDLE,COUNTER,2022,0,0.040841244346235914,SIDE,OPPONENT,2022 - OPPONENT 6 - AWAY,GK,4.54,2.84,0.9061383446091175
6,47,MISSED,15.66,20.61,PLAYER 8,HOME,OPENPLAY,RIGHTFOOT,DOMINANT,OPPONENT 6,SHELTON,SHORT PASS,LEFT,DEFENSIVE,RESTART,2022,0,0.05974846473667955,SIDE,TEAM,2022 - OPPONENT 6 - HOME,GK,-11.2,5.14,0.9510248859445083
6,56,SAVED,95.24,46.17,PLAYER 16,HOME,OPENPLAY,RIGHTFOOT,,OPPONENT 7,,SHORT PASS,MIDDLE,OFFENSIVE,COUNTER,2022,0,0.049507212723095766,MIDDLE,OPPONENT,2022 - OPPONENT 7 - HOME,GK,-13.87,8.22,0.01
6,90,MISSED,25.94,61.05,PLAYER 22,HOME,FREEKICK,LEFTFOOT,DOMINANT,OPPONENT 6,,,RIGHT,OFFENSIVE,RESTART,2022,0,0.02189704892486527,SIDE,TEAM,2022 - OPPONENT 6 - HOME,GK,8.25,2.06,0.9414698053361741
6,5,SAVED,95.1,46.61,PLAYER 16,AWAY,FREEKICK,RIGHTFOOT,,OPPONENT 4,,,MIDDLE,OFFENSIVE,RESTART,2022,0,0.04822388695809835,MIDDLE,OPPONENT,2022 - OPPONENT 4 - AWAY,GK,9.88,10.7,0.01
6,51,SAVED,21.77,37.06,PLAYER 9,HOME,FREEKICK,RIGHTFOOT,DOMINANT,OPPONENT 6,,,MIDDLE,OFFENSIVE,RESTART,2022,0,0.07543760544409951,MIDDLE,TEAM,2022 - OPPONENT 6 - HOME,GK,17.52,4.12,0.01
6,39,MISSED,27.81,27.08,PLAYER 11,HOME,THROW-IN,LEFTFOOT,DOMINANT,OPPONENT 3,DUGGAN,SHORT PASS,MIDDLE,MIDDLE,THROW-IN,2022,0,0.03647146301463627,MIDDLE,TEAM,2022 - OPPONENT 3 - HOME,GK,-17.57,3.52,0.01
6,68,BLOCKED,34.74,44,PLAYER 11,HOME,CORNER,LEFTFOOT,DOMINANT,OPPONENT 6,,,RIGHT,OFFENSIVE,RESTART,2022,0,0.02272244839404435,SIDE,TEAM,2022 - OPPONENT 6 - HOME,GK,10.99,6.47,0.9587661086524348
6,72,MISSED,25.34,53.05,PLAYER 9,HOME,OPENPLAY,RIGHTFOOT,DOMINANT,OPPONENT 14,,SHORT PASS,MIDDLE,DEFENSIVE,RESTART,2022,0,0.035464560039866186,MIDDLE,TEAM,2022 - OPPONENT 14 - HOME,GK,10.08,4.88,0.943516453888259
6,78,SAVED,19.98,34.04,PLAYER 18,HOME,OPENPLAY,RIGHTFOOT,DOMINANT,OPPONENT 14,,CROSSONGROUND,LEFT,MIDDLE,COUNTER,2022,0,0.08619909852415403,SIDE,TEAM,2022 - OPPONENT 14 - HOME,GK,5.32,6.48,0.935055690458851
6,75,MISSED,24.94,53.94,PLAYER 23,HOME,OPENPLAY,RIGHTFOOT,DOMINANT,OPPONENT 1,CONKEY,OTHER,MIDDLE,DEFENSIVE,LONG BALL,2022,0,0.034856668323990654,MIDDLE,TEAM,2022 - OPPONENT 1 - HOME,GK,-6.58,10.34,0.01
6,5,MISSED,26.65,27.08,PLAYER 20,HOME,FREEKICK,RIGHTFOOT,DOMINANT,OPPONENT 10,,,MIDDLE,OFFENSIVE,RESTART,2022,0,0.040014430164326965,MIDDLE,TEAM,2022 - OPPONENT 10 - HOME,GK,-15.69,6.69,0.01
6,36,SAVED,22.73,28.94,PLAYER 9,AWAY,FREEKICK,RIGHTFOOT,DOMINANT,OPPONENT 5,,,LEFT,OFFENSIVE,RESTART,2022,0,0.05869696796727564,SIDE,TEAM,2022 - OPPONENT 5 - AWAY,GK,3.67,2.97,0.896573625800512
6,52,SAVED,96.11,41.41,PLAYER 16,AWAY,FREEKICK,RIGHTFOOT,,OPPONENT 5,,,MIDDLE,OFFENSIVE,RESTART,2022,0,0.06017596577192295,MIDDLE,OPPONENT,2022 - OPPONENT 5 - AWAY,GK,10.37,11.77,0.01
6,26,MISSED,96.98,55.57,PLAYER 16,HOME,OPENPLAY,LEFTFOOT,,OPPONENT 10,,,LEFT,OFFENSIVE,COUNTER,2022,0,0.036181614029546956,SIDE,OPPONENT,2022 - OPPONENT 10 - HOME,GK,3.66,4.11,0.8837809168375578
6,45,MISSED,21.77,37.81,PLAYER 12,HOME,OPENPLAY,LEFTFOOT,NONDOMINANT,OPPONENT 6,,CROSSINAIR,MIDDLE,MIDDLE,RESTART,2022,0,0.07545601802131463,MIDDLE,TEAM,2022 - OPPONENT 6 - HOME,GK,-10.74,8.08,0.01
6,28,MISSED,92.65,43.74,PLAYER 16,HOME,OPENPLAY,RIGHTFOOT,,OPPONENT 1,,LONG BALL,MIDDLE,DEFENSIVE,LONG BALL,2022,0,0.04259915302659849,MIDDLE,OPPONENT,2022 - OPPONENT 1 - HOME,GK,-14.14,10.53,0.01
6,49,SAVED,96.18,54.09,PLAYER 16,AWAY,OPENPLAY,RIGHTFOOT,,OPPONENT 4,,SHORT PASS,LEFT,OFFENSIVE,COUNTER,2022,0,0.03731434169219562,SIDE,OPPONENT,2022 - OPPONENT 4 - AWAY,GK,0.22,0.61,0.9419571132090941
6,44,MISSED,99.87,34.64,PLAYER 16,HOME,OPENPLAY,LEFTFOOT,,OPPONENT 13,,OTHER,RIGHT,OFFENSIVE,RESTART,2022,0,0.0859156932352817,SIDE,OPPONENT,2022 - OPPONENT 13 - HOME,GK,-15.64,6.26,0.01
6,90,SAVED,19.83,50.79,PLAYER 3,AWAY,OPENPLAY,RIGHTFOOT,DOMINANT,OPPONENT 13,,SHORT PASS,MIDDLE,OFFENSIVE,DEFLECTED SHOT,2022,0,0.05869159640416073,MIDDLE,TEAM,2022 - OPPONENT 13 - AWAY,GK,-1.6,9.11,0.01
6,44,GOAL,19.16,43.9,PLAYER 11,HOME,OPENPLAY,LEFTFOOT,DOMINANT,OPPONENT 8,GEORGE,SHORT PASS,LEFT,MIDDLE,COUNTER,2022,1,0.08558073058909871,SIDE,TEAM,2022 - OPPONENT 8 - HOME,GK,-12.23,6.59,0.01
6,42,MISSED,28.2,37.41,PLAYER 5,HOME,OPENPLAY,RIGHTFOOT,DOMINANT,OPPONENT 1,W. SHAFFER,SHORT PASS,MIDDLE,MIDDLE,COUNTER,2022,0,0.0423771300160478,MIDDLE,TEAM,2022 - OPPONENT 1 - HOME,GK,14.91,8.77,0.01
6,35,GOAL,98.87,52.78,PLAYER 16,HOME,OPENPLAY,RIGHTFOOT,,OPPONENT 7,,SHORT PASS,LEFT,DEFENSIVE,POSSESSION,2022,1,0.048020418243331246,SIDE,OPPONENT,2022 - OPPONENT 7 - HOME,GK,7.23,5.49,0.9303250214333801
6,19,MISSED,96.47,58.53,PLAYER 16,AWAY,FREEKICK,RIGHTFOOT,,OPPONENT 4,,,LEFT,MIDDLE,RESTART,2022,0,0.02940010107508081,SIDE,OPPONENT,2022 - OPPONENT 4 - AWAY,GK,17.93,10.19,0.01
6,8,SAVED,26.98,50.18,PLAYER 22,HOME,OPENPLAY,LEFTFOOT,DOMINANT,OPPONENT 6,WINCHESTER,SHORT PASS,RIGHT,MIDDLE,RESTART,2022,0,0.035779677422370364,SIDE,TEAM,2022 - OPPONENT 6 - HOME,GK,8.85,8.66,0.01
6,68,MISSED,26.35,29.57,PLAYER 13,HOME,OPENPLAY,RIGHTFOOT,DOMINANT,OPPONENT 11,,LONG BALL,LEFT,DEFENSIVE,POSSESSION,2022,0,0.044408898068667726,SIDE,TEAM,2022 - OPPONENT 11 - HOME,GK,0.28,6.12,0.912353730607655
6,21,SAVED,96.69,54.83,PLAYER 16,HOME,OPENPLAY,RIGHTFOOT,,OPPONENT 8,,SHORT PASS,LEFT,OFFENSIVE,COUNTER,2022,0,0.03704843550799739,SIDE,OPPONENT,2022 - OPPONENT 8 - HOME,GK,-3.74,3.46,0.8884997878842724
6,61,BLOCKED,91.61,30.6,PLAYER 16,HOME,FREEKICK,RIGHTFOOT,,OPPONENT 7,,,MIDDLE,OFFENSIVE,RESTART,2022,0,0.03843580361100687,MIDDLE,OPPONENT,2022 - OPPONENT 7 - HOME,GK,6.16,6.84,0.9440957856043822
6,9,MISSED,25.59,37.1,PLAYER 8,HOME,OPENPLAY,RIGHTFOOT,DOMINANT,OPPONENT 7,W. SHAFFER,SHORT PASS,LEFT,DEFENSIVE,POSSESSION,2022,0,0.053383002982449634,SIDE,TEAM,2022 - OPPONENT 7 - HOME,GK,0.39,0.41,0.9456960139161178
6,89,BLOCKED,25.2,19.71,PLAYER 20,AWAY,OPENPLAY,LEFTFOOT,NONDOMINANT,OPPONENT 13,,OTHER,MIDDLE,DEFENSIVE,LONG BALL,2022,0,0.031890266903863776,MIDDLE,TEAM,2022 - OPPONENT 13 - AWAY,GK,16.71,8.43,0.01
6,67,BLOCKED,22.48,58.26,PLAYER 3,AWAY,OPENPLAY,LEFTFOOT,NONDOMINANT,OPPONENT 2,KING,SHORT PASS,MIDDLE,DEFENSIVE,POSSESSION,2022,0,0.03178727026021945,MIDDLE,TEAM,2022 - OPPONENT 2 - AWAY,GK,4.48,2.42,0.9137977950297662
6,2,MISSED,19.02,57.66,PLAYER 21,HOME,OPENPLAY,LEFTFOOT,NONDOMINANT,OPPONENT 7,LOCKE,SHORT PASS,RIGHT,DEFENSIVE,COUNTER,2022,0,0.04001062309310851,SIDE,TEAM,2022 - OPPONENT 7 - HOME,GK,14.09,8.8,0.01
6,73,MISSED,26.32,27.14,PLAYER 4,HOME,OPENPLAY,RIGHTFOOT,DOMINANT,OPPONENT 8,DUGGAN,SHORT PASS,LEFT,MIDDLE,POSSESSION,2022,0,0.04116955205836334,SIDE,TEAM,2022 - OPPONENT 8 - HOME,GK,-17.25,2.03,0.01
6,82,BLOCKED,19.25,27.08,PLAYER 21,HOME,FREEKICK,RIGHTFOOT,DOMINANT,OPPONENT 7,,,LEFT,MIDDLE,RESTART,2022,0,0.07136394339471698,SIDE,TEAM,2022 - OPPONENT 7 - HOME,GK,-17.73,8.1,0.01
6,85,SAVED,20.17,44.24,PLAYER 18,AWAY,OPENPLAY,RIGHTFOOT,DOMINANT,OPPONENT 5,,,RIGHT,OFFENSIVE,COUNTER,2022,0,0.07754481310953816,SIDE,TEAM,2022 - OPPONENT 5 - AWAY,GK,14.24,0.39,0.01
6,42,BLOCKED,21.32,42.94,PLAYER 7,AWAY,OPENPLAY,RIGHTFOOT,DOMINANT,OPPONENT 13,,SHORT PASS,LEFT,OFFENSIVE,RESTART,2022,0,0.07303493539965873,SIDE,TEAM,2022 - OPPONENT 13 - AWAY,GK,2.47,6.39,0.9230653865188011
6,74,BLOCKED,18.64,49.88,PLAYER 8,AWAY,FREEKICK,RIGHTFOOT,DOMINANT,OPPONENT 13,SHELTON,OTHER,MIDDLE,MIDDLE,LONG BALL,2022,0,0.06710813968169321,MIDDLE,TEAM,2022 - OPPONENT 13 - AWAY,GK,-12.61,6.32,0.01
6,25,BLOCKED,28.68,52.04,PLAYER 22,HOME,FREEKICK,LEFTFOOT,DOMINANT,OPPONENT 3,,,MIDDLE,OFFENSIVE,RESTART,2022,0,0.029131077421970013,MIDDLE,TEAM,2022 - OPPONENT 3 - HOME,GK,11.59,0.27,0.9701000909129107
6,2,BLOCKED,24.3,36.3,PLAYER 8,AWAY,OPENPLAY,LEFTFOOT,NONDOMINANT,OPPONENT 13,KING,SHORT PASS,RIGHT,MIDDLE,RESTART,2022,0,0.05976387212995178,SIDE,TEAM,2022 - OPPONENT 13 - AWAY,GK,2.97,2.94,0.8916439961058424
6,33,MISSED,100.29,51.77,PLAYER 16,AWAY,OPENPLAY,LEFTFOOT,,OPPONENT 5,,,MIDDLE,MIDDLE,COUNTER,2022,0,0.055930288664654604,MIDDLE,OPPONENT,2022 - OPPONENT 5 - AWAY,GK,3.42,0.18,0.9523598470766659
6,13,SAVED,28.77,48.52,PLAYER 20,HOME,OPENPLAY,RIGHTFOOT,DOMINANT,OPPONENT 14,,,MIDDLE,MIDDLE,COUNTER,2022,0,0.03310257372210269,MIDDLE,TEAM,2022 - OPPONENT 14 - HOME,GK,0.95,9.13,0.01
6,20,SAVED,27.84,27.29,PLAYER 16,HOME,FREEKICK,RIGHTFOOT,,OPPONENT 12,,,LEFT,OFFENSIVE,RESTART,2022,0,0.036640300975320124,SIDE,OPPONENT,2022 - OPPONENT 12 - HOME,GK,-15.57,9.07,0.01
6,86,SAVED,22.07,42.79,PLAYER 12,HOME,CORNER,LEFTFOOT,NONDOMINANT,OPPONENT 6,,,LEFT,OFFENSIVE,RESTART,2022,0,0.06865307711103967,SIDE,TEAM,2022 - OPPONENT 6 - HOME,GK,16.4,2.31,0.01
6,51,SAVED,97.47,37.13,PLAYER 16,HOME,OPENPLAY,LEFTFOOT,,OPPONENT 1,,SHORT PASS,RIGHT,MIDDLE,COUNTER,2022,0,0.07036823116894389,SIDE,OPPONENT,2022 - OPPONENT 1 - HOME,GK,10.13,2.5,0.9475090475305039
6,52,SAVED,99.59,23.4,PLAYER 16,HOME,OPENPLAY,RIGHTFOOT,,OPPONENT 7,,THROUGH BALL,RIGHT,DEFENSIVE,POSSESSION,2022,0,0.053891176854611096,SIDE,OPPONENT,2022 - OPPONENT 7 - HOME,GK,16.43,9.26,0.01
6,8,MISSED,20.58,37.81,PLAYER 8,HOME,OPENPLAY,RIGHTFOOT,DOMINANT,OPPONENT 14,,SHORT PASS,LEFT,MIDDLE,COUNTER,2022,0,0.08424982710199362,SIDE,TEAM,2022 - OPPONENT 14 - HOME,GK,-15.57,10.48,0.01
6,68,BLOCKED,25.72,38.4,PLAYER 9,AWAY,OPENPLAY,RIGHTFOOT,DOMINANT,OPPONENT 2,,SHORT PASS,MIDDLE,MIDDLE,COUNTER,2022,0,0.05269949667357921,MIDDLE,TEAM,2022 - OPPONENT 2 - AWAY,GK,5.4,3.4,0.9058580024278793
6,7,MISSED,94.51,43.39,PLAYER 16,AWAY,OPENPLAY,RIGHTFOOT,,OPPONENT 14,,SHORT PASS,MIDDLE,DEFENSIVE,RESTART,2022,0,0.05032546383843345,MIDDLE,OPPONENT,2022 - OPPONENT 14 - AWAY,GK,-10.63,10.83,0.01
6,96,MISSED,19.08,27.7,PLAYER 8,HOME,OPENPLAY,RIGHTFOOT,DOMINANT,OPPONENT 6,,CROSSINAIR,RIGHT,DEFENSIVE,RESTART,2022,0,0.07455826952413325,SIDE,TEAM,2022 - OPPONENT 6 - HOME,GK,17.52,10.37,0.01
6,1,MISSED,93.16,56.37,PLAYER 16,HOME,OPENPLAY,RIGHTFOOT,,OPPONENT 13,,SHORT PASS,MIDDLE,MIDDLE,RESTART,2022,0,0.026987402248320923,MIDDLE,OPPONENT,2022 - OPPONENT 13 - HOME,GK,-10.75,9.76,0.01
6,88,MISSED,22.87,49.69,PLAYER 20,HOME,OPENPLAY,RIGHTFOOT,DOMINANT,OPPONENT 10,LOCKE,SHORT PASS,RIGHT,MIDDLE,COUNTER,2022,0,0.049892328509121675,SIDE,TEAM,2022 - OPPONENT 10 - HOME,GK,15.61,1.91,0.01
6,7,MISSED,19.08,40.68,PLAYER 9,HOME,OPENPLAY,LEFTFOOT,NONDOMINANT,OPPONENT 6,,SHORT PASS,RIGHT,OFFENSIVE,COUNTER,2022,0,0.09414769609836039,SIDE,TEAM,2022 - OPPONENT 6 - HOME,GK,-4.89,11.59,0.01
6,34,SAVED,93.74,34.3,PLAYER 16,AWAY,OPENPLAY,RIGHTFOOT,,OPPONENT 2,,SHORT PASS,LEFT,OFFENSIVE,COUNTER,2022,0,0.049328417246260255,SIDE,OPPONENT,2022 - OPPONENT 2 - AWAY,GK,15.1,11.05,0.01
6,82,SAVED,100.02,34.49,PLAYER 16,AWAY,THROW-IN,RIGHTFOOT,,OPPONENT 14,,THROW-IN,LEFT,OFFENSIVE,THROW-IN,2022,0,0.08689847686362864,SIDE,OPPONENT,2022 - OPPONENT 14 - AWAY,GK,11.95,8.14,0.01
6,62,MISSED,99.72,35.7,PLAYER 16,HOME,OPENPLAY,RIGHTFOOT,,OPPONENT 13,,OTHER,LEFT,OFFENSIVE,RESTART,2022,0,0.08589377829292694,SIDE,OPPONENT,2022 - OPPONENT 13 - HOME,GK,2.98,10.91,0.01
6,65,BLOCKED,97.19,48.83,PLAYER 16,HOME,OPENPLAY,LEFTFOOT,,OPPONENT 13,,THROW-IN,LEFT,OFFENSIVE,RESTART,2022,0,0.05212682015910736,SIDE,OPPONENT,2022 - OPPONENT 13 - HOME,GK,2.47,11.57,0.01
7,58,MISSED,32.3,41.47,PLAYER 18,HOME,THROW-IN,RIGHTVOLLEY,DOMINANT,OPPONENT 11,,,MIDDLE,OFFENSIVE,RESTART,2022,0,0.028971863943566687,MIDDLE,TEAM,2022 - OPPONENT 11 - HOME,GK,15.2,7.54,0.01
7,11,SAVED,33.18,29.88,PLAYER 22,AWAY,THROW-IN,LEFTVOLLEY,DOMINANT,OPPONENT 9,,THROW-IN,LEFT,OFFENSIVE,THROW-IN,2022,0,0.02534082740244772,SIDE,TEAM,2022 - OPPONENT 9 - AWAY,GK,12.4,2.03,0.01
7,36,BLOCKED,88.28,37.21,PLAYER 16,HOME,OPENPLAY,LEFTFOOT,,OPPONENT 11,,SHORT PASS,MIDDLE,MIDDLE,COUNTER,2022,0,0.03116883938645908,MIDDLE,OPPONENT,2022 - OPPONENT 11 - HOME,GK,9.71,8.38,0.01
7,70,MISSED,82.33,41.03,PLAYER 16,HOME,OPENPLAY,RIGHTFOOT,,OPPONENT 10,,SHORT PASS,LEFT,MIDDLE,COUNTER,2022,0,0.01843170660959139,SIDE,OPPONENT,2022 - OPPONENT 10 - HOME,GK,-16.07,3.61,0.01
7,6,MISSED,31.43,40.59,PLAYER 4,HOME,OPENPLAY,RIGHTFOOT,DOMINANT,OPPONENT 3,KING,SHORT PASS,LEFT,MIDDLE,COUNTER,2022,0,0.03150650537374092,SIDE,TEAM,2022 - OPPONENT 3 - HOME,GK,4.02,11.38,0.01
7,41,BLOCKED,88.56,29.35,PLAYER 16,HOME,FREEKICK,LEFTFOOT,,OPPONENT 8,,,MIDDLE,OFFENSIVE,RESTART,2022,0,0.028936334336288304,MIDDLE,OPPONENT,2022 - OPPONENT 8 - HOME,GK,7.62,4.39,0.924101029477935
7,35,MISSED,32.45,25.17,PLAYER 9,HOME,OPENPLAY,RIGHTFOOT,DOMINANT,OPPONENT 11,GOTTRON,SHORT PASS,LEFT,MIDDLE,POSSESSION,2022,0,0.023680500513000385,SIDE,TEAM,2022 - OPPONENT 11 - HOME,GK,-2.73,4.41,0.8753740431753271
7,58,SAVED,37.52,40.44,PLAYER 22,HOME,OPENPLAY,LEFTFOOT,DOMINANT,OPPONENT 3,LOCKE,SHORT PASS,RIGHT,MIDDLE,POSSESSION,2022,0,0.018753801613735712,SIDE,TEAM,2022 - OPPONENT 3 - HOME,GK,14.85,9.75,0.01
7,27,MISSED,30.27,29.13,PLAYER 22,HOME,OPENPLAY,RIGHTFOOT,NONDOMINANT,OPPONENT 11,,,MIDDLE,OFFENSIVE,POOR CLEARANCE,2022,0,0.031707271661414516,MIDDLE,TEAM,2022 - OPPONENT 11 - HOME,GK,17.44,1.71,0.01
7,51,MISSED,86.54,25.02,PLAYER 16,HOME,OPENPLAY,RIGHTFOOT,,OPPONENT 11,,SHORT PASS,MIDDLE,OFFENSIVE,POSSESSION,2022,0,0.02176169367364892,MIDDLE,OPPONENT,2022 - OPPONENT 11 - HOME,GK,7.93,2.14,0.9388458425878671
7,28,SAVED,87.4,73.63,PLAYER 16,AWAY,OPENPLAY,LEFTFOOT,,OPPONENT 2,,SHORT PASS,LEFT,MIDDLE,POSSESSION,2022,0,0.01,SIDE,OPPONENT,2022 - OPPONENT 2 - AWAY,GK,7.39,6.56,0.9449786862510962
7,72,SAVED,85.07,10.5,PLAYER 16,AWAY,OPENPLAY,RIGHTFOOT,,OPPONENT 4,,,RIGHT,MIDDLE,COUNTER,2022,0,0.01035762404246424,SIDE,OPPONENT,2022 - OPPONENT 4 - AWAY,GK,-4.4,9.33,0.01
7,27,MISSED,91.57,29.93,PLAYER 16,HOME,OPENPLAY,RIGHTFOOT,,OPPONENT 8,,SHORT PASS,LEFT,MIDDLE,COUNTER,2022,0,0.03769689439261105,SIDE,OPPONENT,2022 - OPPONENT 8 - HOME,GK,1.25,8.24,0.01
7,17,MISSED,35.03,40.47,PLAYER 22,AWAY,OPENPLAY,RIGHTFOOT,NONDOMINANT,OPPONENT 5,PARKER,SHORT PASS,LEFT,OFFENSIVE,COUNTER,2022,0,0.023169150317860435,SIDE,TEAM,2022 - OPPONENT 5 - AWAY,GK,-11.53,4.82,0.9514522940504894
7,27,BLOCKED,30.08,41.71,PLAYER 22,HOME,CORNER,LEFTFOOT,DOMINANT,OPPONENT 8,KING,SHORT PASS,RIGHT,OFFENSIVE,RESTART,2022,0,0.03494216522655761,SIDE,TEAM,2022 - OPPONENT 8 - HOME,GK,-4.49,0.14,0.9547393543190941
7,87,SAVED,86.63,41.86,PLAYER 16,AWAY,OPENPLAY,RIGHTFOOT,,OPPONENT 2,,,MIDDLE,MIDDLE,COUNTER,2022,0,0.026322176532857042,MIDDLE,OPPONENT,2022 - OPPONENT 2 - AWAY,GK,-3.38,3.7,0.8816421150322652
7,47,SAVED,28.98,28.97,PLAYER 22,HOME,OPENPLAY,RIGHTFOOT,NONDOMINANT,OPPONENT 11,,,MIDDLE,OFFENSIVE,POOR CLEARANCE,2022,0,0.035124428884270316,MIDDLE,TEAM,2022 - OPPONENT 11 - HOME,GK,-4.23,3.89,0.8904162053132872
7,7,SAVED,33.77,50.8,PLAYER 9,HOME,OPENPLAY,RIGHTFOOT,DOMINANT,OPPONENT 7,W. SHAFFER,SHORT PASS,RIGHT,MIDDLE,COUNTER,2022,0,0.02067508644523328,SIDE,TEAM,2022 - OPPONENT 7 - HOME,GK,-9.45,0.81,0.9596547987572404
8,4,MISSED,104.38,65.7,PLAYER 16,HOME,OPENPLAY,LEFTFOOT,,OPPONENT 11,,SHORT PASS,LEFT,MIDDLE,COUNTER,2022,0,0.02575249447735819,SIDE,OPPONENT,2022 - OPPONENT 11 - HOME,GK,4.67,6.36,0.9301830516959121
8,6,SAVED,103.08,71.77,PLAYER 16,AWAY,OPENPLAY,LEFTFOOT,,OPPONENT 9,,SHORT PASS,LEFT,MIDDLE,POSSESSION,2022,0,0.015589515714035529,SIDE,OPPONENT,2022 - OPPONENT 9 - AWAY,GK,11.37,0.45,0.968247864473351
8,3,BLOCKED,103.6,12.87,PLAYER 16,AWAY,THROW-IN,RIGHTFOOT,,OPPONENT 14,,THROW-IN,RIGHT,OFFENSIVE,THROW-IN,2022,0,0.03275215468236325,SIDE,OPPONENT,2022 - OPPONENT 14 - AWAY,GK,0.28,0.25,0.9484807737412293
8,88,SAVED,94.66,15.33,PLAYER 10,HOME,OPENPLAY,RIGHTFOOT,DOMINANT,OPPONENT 7,W. SHAFFER,SHORT PASS,RIGHT,MIDDLE,COUNTER,2022,0,0.024645020666300997,SIDE,TEAM,2022 - OPPONENT 7 - HOME,GK,1.05,4.24,0.8517677589605617
8,24,SAVED,16.54,6.14,PLAYER 9,AWAY,FREEKICK,RIGHTFOOT,DOMINANT,OPPONENT 9,,,LEFT,OFFENSIVE,RESTART,2022,0,0.01966806634519217,SIDE,TEAM,2022 - OPPONENT 9 - AWAY,GK,-11.24,7.6,0.9682798654248155
8,22,SAVED,116.86,66.63,PLAYER 16,AWAY,OPENPLAY,LEFTFOOT,,OPPONENT 6,,SHORT PASS,MIDDLE,MIDDLE,COUNTER,2022,0,0.0290818618671485,MIDDLE,OPPONENT,2022 - OPPONENT 6 - AWAY,GK,-7.29,10.51,0.01
,15,GOAL,108.90859481582535,19.829148192360165,,HOME,,RIGHTFOOT,DOMINANT,OPPONENT,,N/A,LEFT,,POSSESSION,2026,1,0.06793797634609394,SIDE,,2026 - OPPONENT - HOME,,-10.879895561357705,6.443864229765014,0.958138352433686
